name,product,chat_response,follower,rating_bad,rating_good,rating_normal
Nisley Collection,67,100,37667,423,53950,1502
ERAtrading,37,93,2874,37,3904,144
PALACEDUNK OFFICAL STORE,870,92,12052,383,25843,1151
Dragonfly_MY,142,99,4111,59,5290,200
Elegant.co,8,93,9605,0,2995,5
calista.my,177,85,2553,27,5549,110
baichun.my,171,76,2183,29,5024,99
MENGZY.my,370,87,7684,130,29261,635
SE-serendipity.my,2729,92,9373,586,34605,1235
peggyldr,1,66,5186,3,821,2
Babyyyin_Tshop,16,82,4333,0,1347,4
cous.my,794,92,20019,1246,58550,4149
yingbaobao.my,351,74,2464,276,13194,621
azie_nimiey,206,95,2297,0,494,2
RNGÊó∂Â∞öÂ•≥Ë£ÖÂ∫ó,1952,97,40743,523,35462,2114
MUMDREAM STORE,100,99,4194,21,7988,97
Sis & Angel,34,100,2815,8,4842,54
jumpsuit makbawang,126,87,15627,21,4276,50
Yesmall.my,139,99,4960,6,5012,37
SKYDOOR,36,74,12694,686,28118,1922
ahmed1,75,37,2702,284,7044,441
SUGEMIUSI  Maternity Dress ,578,75,1903,48,3324,125
MANISAN ,10,97,5265,3,1787,7
murah.com.st.my,81,95,1986,15,1379,50
LESALE.my,703,63,7036,451,21178,1158
C'CHIC.my,553,94,14349,52,6700,246
safuansafra,6,97,6542,2,2106,10
Liong.Socks,78,64,3601,77,16655,292
Qipin Fashion Store,3947,76,21943,245,42816,913
bbin440,53,97,1204,10,3769,21
azureyun.my,645,55,1595,16,1766,70
premiumbyzai,10,93,15709,2,3668,14
YR_iBoutique,8,97,28336,0,3890,6
Kawaii Cindy (VLive Mall Trading),55,96,18513,5,8721,38
Qrusnita HQ,6,94,1203,1,3399,23
KHATULISTIWA COLLECTION,447,100,4208,20,7488,106
Women's Clothing and Shoes,955,80,10088,53,5490,213
qzchongyang.my,233,91,4789,33,8414,247
d.ktshop,213,94,4698,25,7594,110
BEHAUL Malaysia,282,99,36308,36,27911,358
7usna.co,7,99,371,4,1697,38
Eastleaves Fashion,215,100,5749,70,8596,342
swlady.my,450,89,7415,115,8706,417
JE One Stores,1753,97,43492,436,106678,1083
xingda.my,595,76,6956,610,37014,1262
chibbystore.co,7,93,9162,10,1235,10
Mrsfirsya,8,91,3270,1,463,1
ZING STORE ,243,88,2655,139,6087,418
desiree3_wardrobe,453,92,45823,600,44569,2073
moccha.c0,23,95,18673,10,6534,44
ROCKYSTUDIO,1010,98,14930,111,9818,318
HOTSALE,517,91,13333,612,30421,1380
tnsclothing.my,66,,2704,2,501,22
siruba_industries,172,96,1087,12,4954,63
day6's Super Sweet Girls,2737,66,29041,1194,87947,3437
007factory.my,120,7,19902,209,11436,755
Happy Time Market,2085,69,741,36,2281,110
FALLSWEET OFFICIAL STORE,260,82,33488,278,49419,1042
Beili_Store.my,119,97,4104,20,2862,59
NURUL'S  SHOPPEZZZ  :),10,91,7539,0,1634,15
Twin Castling,163,94,8056,18,4472,84
TaoXiShop,503,100,5934,21,2519,82
Modern Women's Clothing Store,945,96,2915,23,1433,89
IOVOI,20,99,22149,9,11300,78
gl.bundle,7,91,2620,2,463,0
Neddya R. Bundle,8,92,10140,1,1668,6
sweetapple.my,975,97,22390,540,20271,1358
„ÄêW@R„Äë,150,90,4117,35,1533,132
Baoburn crystal factory,33,75,1647,8,1630,6
weifashion.my,717,60,17683,265,23945,960
TheVintage Attire,17,89,2941,23,2314,94
MANCY,602,99,18848,188,19020,719
suciamani30,152,95,3087,24,10047,114
MAAZ GALLERY,99,90,1305,14,1965,49
ShopWithAnis,28,93,12254,2,2056,16
zuoan.my,3264,100,155387,1878,137027,6572
24hopen,31,91,1065,11,1291,51
Fashion women underwear,178,66,14954,708,36725,1835
Sweet Aurora Closet Loved,32,97,23383,15,4110,64
pusat belanja online BALI,333,100,8019,121,7457,295
DreamFactoryüåπ,299,98,18004,84,28161,574
#TeamFLO,36,63,996,363,4049,69
LizLily.my,375,100,9833,53,16239,310
COCO & LULU FASHION STORE,1459,73,28637,247,15336,708
13537781500.my,101,98,369,1,1089,20
LawaByJoyyy,15,88,18151,1,2840,6
Sue_haydar.my,12,90,416,1,527,5
IDAA COLLECTION,26,85,14731,3,2049,21
Murah Sini!!,79,94,1403,1,2608,15
happybyby.my,477,79,2750,94,4035,231
Republic Of Julianasanny,21,100,11007,0,1708,1
Secretsex.my,190,100,1283,2,1787,7
Lower_price,112,94,1579,22,7341,58
Lavender99love,37,99,3208,12,5133,61
LINA BUNDLE ,10,88,3018,0,681,0
Serah_Honey,27,98,4909,1,861,2
Kikiwawa Official Store,196,99,53527,153,87544,789
KK5_Shop.,11,98,17629,0,4481,11
Blouss fashion mall,302,57,1172,24,1254,96
azaleastyle,142,88,1523,3,1453,20
bella_zekeria,16,95,15377,2,3078,19
sockeeee,425,99,6719,30,17610,135
kraidess.my,27,100,2082,5,1824,45
woyao2,1918,96,430,69,3835,145
Comeandbuy,3406,89,89880,6022,305974,16074
Shenzam ,15,99,10441,2,2770,7
ÈáëÁâåÊúçË£ÖÊâπÂèëClothing wholesaler,337,88,8019,28,1205,73
Factory-Women Underwear,315,93,37577,424,24241,1019
wonder.ladies,17,89,488,29,4974,104
The Dewi‚Äôs,8,92,11270,1,1831,9
ADNAN FATION,263,57,2960,302,16810,611
looktopone.my,2342,97,20672,1036,51014,2611
Yiimono MY ,85,100,2684,117,6560,256
A bra,425,92,16710,138,18003,488
Miss Jan (maternity wear/casual handbag/kids bag/schoolbag),3152,93,174343,3400,185597,9393
Happygogobuyshop@ Sexy Lingerie,415,93,21186,142,25570,683
nurzahirah2000,9,99,849,0,1707,10
VapeGirL-94,95,92,7007,6,2931,20
VCM MALAYSIA BORONG,809,98,6319,67,18002,293
Tikitaka_Creative,53,95,806,12,2902,60
8t*Tube Binder Malaysia,33,96,3935,13,5539,63
IR APPAREL HQ,49,66,1839,24,8690,102
BB Baby Shop Malaysia Wholesale,793,98,5225,82,16162,436
E Space,60,100,2746,18,5306,146
APPLE BLOSSOM,11,88,25870,17,2312,27
"blingbraüåüHigh quality bras,panties",272,96,15623,100,25434,524
elmanhafizie,11,85,4222,18,899,39
Almari Kedai Cikgu,17,95,25668,5,5050,9
Gerobok Amanda,7,94,2456,0,530,1
Best World Socks ,197,100,14834,76,17718,318
Women's Special,207,50,24341,676,18481,1614
mohdshyam,6,89,2469,0,539,3
Loveena,442,100,26762,236,33887,968
Laara Universal Trading,94,100,2098,3,4054,27
somedaymx.my,4635,43,12834,230,24378,593
C&M shop ,1547,84,67931,745,46359,2735
JQ SHOP,23,100,6775,19,9193,106
fast2u.my,144,95,13221,261,27721,735
CW- sport bra bengkung panties,233,98,37697,348,83918,1859
YYMY.MY,653,77,10585,106,5841,259
IBU SOFIA BUNDLE,45,79,3968,3,1078,2
Squad Bundlez,11,95,1528,0,693,5
HafizSyabil,4,96,9281,15,1605,23
1622530813.my,1554,91,194,3,274,12
TRISYACLOSETCRAVING,48,99,9241,13,2123,35
Viburnum,431,70,6200,185,10977,396
QQ BABY SHOP SDN BHD,837,93,326527,5851,427197,12351
MH-STORE,20,99,6075,30,9638,185
lcscm.my,1224,82,8622,328,15936,1020
girlshorizon,76,100,2303,36,8541,235
goldenlemon.my,75,78,5612,90,14337,360
ezniefarezstore.co,19,95,22788,10,2485,31
Lun's Collection,61,66,2465,0,799,0
Memz Family's,10,90,8956,4,2427,19
preloved_diana,8,89,12271,3,2483,19
happydaykk.my,476,56,2351,25,3314,72
zxyouping4.my,362,98,6839,30,8609,106
Spotlight on Style,117,97,11047,103,49771,489
nanabella87,42,82,12608,6,1949,32
Hmstyle.my,89,86,2730,30,6966,132
üåºEkin Bundle Houseüåº,9,95,9044,0,2289,10
Beauty First,1696,89,33823,1826,69263,4126
woyun2019.my,160,69,19452,789,23956,1901
flowsakura,4,77,7290,0,1070,8
Summer dress,408,87,10278,75,4941,206
21 Secret,87,98,45795,333,80974,1225
Wishshine,551,99,9320,119,27635,603
AmenaEvelyn,66,99,1384,1,2457,20
liuweiqiang1993.my,84,90,433,29,1436,95
MR DIY,10518,49,752894,6711,550967,12205
ANNA LEGACY,26,99,8259,2,1893,13
coscopremium,173,98,15207,36,13800,232
eSmart,348,89,7121,278,21912,583
Yooni Mall Women clothing,838,80,11093,46,6600,291
Baby & Mother Club ,221,99,2385,77,16935,279
intanmdzin_98,9,69,11344,3,2868,25
chuiqazuan,24,96,21953,0,3921,3
Women's shirts blouse,1188,97,20791,290,17546,990
TNK Shop,135,98,14364,76,23945,391
Y@T $HOP,10,88,2381,1,866,1
wawanada89,34,98,17179,7,3649,42
Women Clothing wholesale,1755,83,11178,838,18877,1684
alanse.my,179,69,4434,36,8463,175
nhk.shoppe,34,40,1405,5,2765,43
Ainabalkhis.co,21,94,3729,0,1141,1
üå±COCO BOUTIQUEüå±,520,98,60749,760,37322,2292
PREMIUM8,217,99,4256,24,15498,213
yingbin.my,450,49,24199,963,49685,2558
Butik Anda,89,89,7252,321,17637,712
shengqian01.my,386,91,6009,287,13080,976
zonria_zonria,296,93,7162,29,18422,120
every.thing.,70,96,16526,52,13250,326
MISS LILY COLLECTION.CO,25,95,4466,0,1482,4
Women&Men Clothes&Shoes,632,89,13159,385,16472,1089
Toonies Women Clothing,1267,99,27169,659,21312,1753
StyleWardrobe,4,95,4647,1,1191,3
118gogo.my,53,91,710,10,1043,43
thrift.fth,15,86,2832,2,736,4
YOMAX.pajams,367,90,22667,99,31363,550
knitwear_chantiqq,6,86,11643,3,1678,18
Barakatu-Sunnah,60,52,1183,22,5735,80
alishaazzalea,1371,76,12588,398,25991,925
96 Body Shaper Borong Malaysia Bengkung Korset,815,93,9345,53,14144,278
JKShop - Panties Bag Munafie Nubra,233,92,48721,1887,127124,4466
fashionshop119.my,461,100,520,6,302,19
suziana1419,20,97,16007,16,3118,59
loting.my,770,97,7138,90,11077,446
VC Art Stat,1403,99,122625,1423,336129,4627
ROSE_BUNDLE,5,90,11421,3,2895,29
daydance.my,263,96,3131,15,6677,116
Myredrosesb,9,92,4249,0,1132,14
Kkj_COLLECTION,290,54,9065,65,22976,205
Beauty For U Store,432,92,5640,88,18121,389
xiaomaojia.my--women fashion,3843,99,32513,202,25050,868
794749060.my,235,99,8703,44,8776,194
Joyce dress,44,97,11784,156,16651,582
Funny_Bee,131,97,3378,81,6439,166
BundleMurah.IM,19,98,12354,0,1487,2
BagMarket,248,85,16252,735,36647,1665
THRIFT MADNESS,24,76,9676,257,10541,703
liyanazri__,9,86,27430,7,4131,22
Rich_collection,49,81,2388,13,3139,46
ecoshop Malaysia,1358,50,398123,1185,877719,4342
Little innocence,2138,96,12727,144,25593,340
almari.wizalea,4,100,27204,0,3685,10
N&H Closet,4,89,9150,7,1962,26
momoe_boutique,249,100,5310,36,1998,117
la-ropa,240,100,598,6,3940,36
Lisa Cosmetics,21,72,1360,14,5675,62
Bra Bra,328,98,9898,116,18690,558
kentsa97,4,98,13393,1,1928,3
‚ú®‚ú®‚ú®MissBlingBling,632,32,4796,411,20639,1101
SisDream Trading,75,100,509,3,1015,21
MyCanteqLah,345,89,16480,251,62557,731
xinyuanyima.my,413,100,635,25,2479,98
N&T FASHION,81,53,427,29,3167,97
karry2018.my,18,62,278,5,1102,27
FancyQube,7225,99,121457,6890,538609,16487
Yam D'Collection,9,94,38057,1,4280,14
demomo2u,225,99,5953,13,6945,64
Fit.HER Malaysia,312,94,9607,51,11229,223
rainmissu,580,96,40512,509,84653,1374
SisterssCloset,48,97,31730,4,9315,49
choodan.my,673,90,13377,152,22521,768
KK_Online Store,73,98,5257,36,8930,160
Bigwish Online Trade,59,97,2552,50,12236,235
HAYSHOP_Store,17,86,1944,1,365,2
Cherry&Sweet Bra,596,97,14212,155,19506,729
4everstore.my,1232,96,30023,321,48948,1104
rasyastore,3,97,13320,1,2834,19
firdausfidut,37,94,8793,112,14284,371
amsara_shop,24,98,3009,18,3982,74
Kids T-shirt Fashion  Store,1240,98,19163,219,64554,1357
"shirt,belt,bra",4453,98,94756,6990,283312,17539
AZ's collection,2,91,6084,3,672,10
MOMO Lovely Women's Apparel,1511,84,8884,135,7489,353
La Bellee Fashion,130,95,11344,61,16565,455
DEBU Store,222,94,4707,123,5198,298
Xahin Online ,21,82,11022,3,1948,5
hasyima_collection,10,95,7283,2,885,6
maternity,594,69,9481,54,8601,304
CZX888,120,84,12856,113,43127,628
ESSBRIL,446,8,13360,843,53430,2187
AHkedaikosmetikmurah,10,78,663,4,3651,22
Alimama Store (Mother And Baby),537,97,65269,1451,121834,4032
La Sweetwear,5271,94,23838,1339,65704,3190
syaabella.shop,43,98,16292,26,28239,274
Eiza kenit,37,97,10903,1,2748,13
Kedai Murah Meriah,16,96,1948,11,4253,74
Bestdeals.my,39,88,4879,28,16719,168
Wanda Thrift Store,8,96,12216,4,1878,20
sarrazmeer.os,11,96,12892,0,2179,14
hydeng688.my,303,96,25780,269,33527,906
innerfun underwear.my,115,82,6183,27,8345,196
SHH Bag & Fashion Wholesale‚ù§,392,47,20607,198,21790,589
Kidslington Shop,131,97,12178,5,3220,7
Love Fashion Clothing,1838,95,47605,343,22825,1001
Fashmily.my,464,73,7205,59,5843,253
GAGA Shop,447,100,3845,12,4581,78
petite.j,131,96,11963,1,2938,10
nursingbra.my,420,93,7550,266,45758,1047
dunia baby,211,89,3807,48,18686,173
BRAVO ,178,100,16045,36,4556,99
farhanaeusoff,8,91,10428,1,1981,32
Angel Jewelry,237,29,7095,42,5011,114
YY THAI AMULET,1156,98,2634,2,1976,5
WEGO HOME Store,497,91,22819,627,32439,1611
babycomeL,200,61,67093,570,62404,1678
ATZ CLOSET,55,90,6349,2,1867,3
üåøPeppermint Women's Clothing Shop,4687,76,16659,17,5906,144
everyday.my,77,29,1607,107,2583,179
MTHfasion,158,37,2038,97,7284,256
AJS.Store,11,90,18937,0,1780,11
LE DUODUO Clothing | Pajamas Áù°Ë°£,143,91,5744,71,5273,328
DESINCE APPAREL,101,99,89798,1999,154403,5201
Tradlux,532,99,21690,139,64265,860
_lb5wr9vz8jucr5ujt61gzdvz_f3,91,75,542,1,411,6
IMANRIZQ STORE,23,98,4352,37,5890,170
iriswong99,325,93,9154,206,15402,555
SySea,766,96,16517,111,16250,542
Raphealla.,23,99,28938,3,5044,15
shayaanventures,55,40,1805,100,4725,193
BANDELL.CO,12,96,12934,1,2597,8
MZSTAR111,22,96,32842,6,10569,49
karenong466,29,53,837,10,2872,66
yoz71.my,39,76,5266,57,8764,299
SweetHeart ST Trading,95,97,4798,37,6422,139
el_vaily_shop,53,93,3184,0,541,2
Cotton_Choice.my,389,99,5714,2,1846,20
Seluar Palazo Laici/Selimut Legend,226,89,6886,76,18693,355
D3FASHION,106,95,1611,8,8190,75
VONDA Official Store,3252,96,87440,195,31588,859
casonkai.my,52,98,900,3,679,11
DilaCouture Official Store,39,88,7330,96,26221,390
Ummidaddy,34,86,3111,52,14143,199
originalshoe_0162059229,586,88,22969,183,35239,634
Boutiquemall,693,99,11161,113,18325,423
Inaya Fashion,277,98,110379,1289,100030,4363
Aully collection,50,91,2654,3,1039,9
YueLove,37,99,4714,57,6016,205
jjzueworld,4,75,47716,4,3718,36
MSH shop.my,92,98,29488,43,68402,391
ifhaz.closet,20,100,1371,1,2326,15
Rainbow.House,815,100,26995,785,33851,2160
allbuy.my,6365,94,25078,894,47477,2109
soldmax.my,1818,67,12087,268,17289,617
Vangart MY,9,100,933,0,623,2
kebayabali_id.my,101,100,2882,12,2727,54
Murah Fashion,51,63,7339,116,10009,304
McZarraFashion,3,93,5292,1,1081,4
Se7ven Vempire,58,92,15963,74,6100,264
Styleplus Studio,979,48,26105,562,33036,1494
Mizora,21,100,5734,173,17993,567
VintageAtticbySH,3,97,14559,1,1939,8
NEXTGEN Malaysia,117,97,8237,13,18086,127
Nursing Bra Expert,100,94,7416,98,17078,490
ameerafiq_,6,98,3379,0,629,0
iBorongMalaysia,67,100,14826,243,76648,1154
Mrs.shopmurah,185,97,5643,20,6392,79
#JCPMALAYSIA / JC PRINT,846,95,96894,1022,230000,4599
TS sports,630,94,12303,90,18601,352
JYF Women Apparel,285,47,57831,289,217129,1333
MVP Sport,150,99,21229,221,34638,748
ALMARI.REPUT,97,97,8610,0,1142,3
million growth,128,97,12358,4,2619,16
Local_Shipping_Store,86,93,16910,48,40704,454
Guyi Women's Fashion Clothing Store,169,39,7199,76,8457,171
NSA Glamorous,32,95,600,3,1291,25
perfect women,124,18,12355,319,33231,985
xinlei888.my,170,100,7165,13,10885,116
Vogue House,14,89,23539,17,5186,99
Shadeeya Store,7,99,2532,0,238,0
The great witch,346,98,3306,43,3081,170
Fashion Online.my,240,93,4747,54,3759,207
yingjin,480,87,6166,259,36621,881
Amoree Vogue,252,99,22222,18,15196,125
LH BRA.my,185,91,3188,17,2799,70
KM Fashion Center,1783,99,263795,1808,317423,7265
Maniac Clothing,38,9,23511,334,13603,869
style_boutique,2526,99,11750,333,31049,1033
‚ú®BlingBling‚ú®,4569,94,47107,1533,129237,3333
AFLAH JAMEELA OUTLET TRADING,31,94,46176,34,7987,96
picemice.my‚Äù,435,69,7971,24,5497,88
Bebovizi Flagship store,2421,97,44144,337,36947,1271
Nurfaiza92,12,94,17917,12,4232,32
LEDORA BOUTIQUE,187,97,41371,376,79425,1867
cittadreamz,413,83,1570,62,4067,228
zxyouping.my,492,93,54828,496,131508,2486
yonglinhf.my,146,78,11196,91,10454,447
Webefu üëô Brand Store,164,96,5226,24,8949,130
Mirai Mall,66,100,15252,299,35324,1074
myBHAJU,1692,98,15671,56,20258,303
Mother loves baby.my,1192,86,7782,66,9946,296
JunShang.my,385,98,8985,49,4835,224
My_Fashion,21,97,5727,19,12345,125
Boutique City,65,93,3759,13,4869,79
lilies.vintage,5,93,18617,0,2466,1
chataher,12,68,14917,12,2412,23
Â®úÂ®úÂà∂ÊúçËØ±ÊÉëÈ¶Ü,1280,79,6507,147,6311,289
Celmia Official Store,2948,97,51976,114,18844,428
HER BAJU üëó,210,99,41333,13,18912,122
Cuterania.store,17,97,7834,1,2089,4
Scrub Suit & Labcoat AlchemyApparel,78,95,2578,45,6082,145
Murah.com.my,45,94,26974,646,43971,1460
Cik Mirae Shop,13,91,2116,0,4408,14
may2u,2,81,1456,0,373,0
WhitneyShopholic,6,96,12540,1,2917,6
Miradolce bundle,6,91,8061,0,2092,8
amaaani,1,92,7570,0,923,3
Nursing Bra & Maternity & Baby,147,54,14107,83,25154,523
TopIn  Shop,497,71,16883,127,5565,263
Ohhbeli Malaysia,79,97,24726,175,54557,768
bbaodan.my,94,86,3000,68,5898,282
aqilala shop enterprise,82,91,13162,180,29434,537
Baju Kurung kedah Online/Baju Opah,162,88,5206,58,10079,215
Beautyone,5648,95,190439,10115,506117,29873
Waorder,602,80,41077,1650,95760,3220
iedacollection,65,97,7193,0,2725,11
fatinkShop8906,16,84,12669,0,3492,4
Xiaozhainv Official Store,2420,100,104015,1797,101972,5383
eenatasleema.co,10,87,14737,10,2525,48
tudungdream,16,96,11213,12,2096,19
OXWHITE Official Store,67,100,29320,208,68167,899
LinLin12_shopee,10,74,5389,3,955,4
alonso.my,2196,97,1944,14,2091,48
üí¶Dressingup--Women Clothesüí¶,2435,99,39566,1642,65761,3598
LieLieLovers Store,16,94,18718,0,2241,12
Cikey.my,15,100,1669,25,2345,47
Triple C Trade,82,99,12387,58,14411,211
VIVI MALL,464,88,41201,1368,80649,2927
HaurabelleHQ,14,95,9131,16,5291,40
novelsocks.my,146,84,11899,150,80256,603
Women & Beauty Care Online Shop,282,96,10188,116,15676,524
NeeBikini,269,95,16892,91,44764,424
la_bello,773,39,61419,6191,183300,10851
HOOWAN SPORT,148,95,3406,37,5125,126
2021 Special T-shirt New Year ,2951,93,25383,189,9691,451
Winners,6049,87,107289,6742,400976,17622
YAYA SPORTS,198,100,3298,12,2463,51
unicorn1991,418,94,14379,1361,71359,3268
NCares,114,96,5108,132,14800,362
nainnagallery,91,69,7305,48,5214,134
iHomeLove,1191,97,9543,762,52942,2091
Grimo Bag & Fashion Wholesale üõç,3420,95,764148,7554,1914267,33994
myn_.store,8,97,4755,0,507,1
sweetrecall,1393,94,2517,43,2539,66
xuantw.my,377,88,6896,219,31453,974
whatstrending,178,81,13881,178,14706,443
Al Arab Scarf,94,89,13033,501,54870,1427
Triple Best Sports Malay Official ,65,98,3965,99,16244,329
hurindiyanah,8,87,11307,10,2346,29
Nuanyun Fashion Store,390,99,35153,291,27245,1177
Lemonmall,93,100,2303,19,6509,90
dinie1,139,79,3523,124,13438,284
üåàHYSHOP.MYüíï,78,86,10445,44,4446,235
Adiba Fashion 2021,40,99,5017,40,4234,141
KEDAI KITA SAHAJA,51,91,40592,16,6141,51
Izzy Rossie,7,95,2337,0,317,0
Ayra gallery,59,94,236,5,259,13
Kedaibigsize,14,36,1011,8,807,24
chia seed,108,1,33675,599,68906,1916
cqlife.my,313,100,13159,99,21048,612
DropshipMurah2u,171,99,14590,49,15999,324
Sunrise Fashion,491,100,19259,108,66469,987
22 shop,116,89,10960,164,45500,838
„ÄêF@W„Äë,258,91,8362,84,5843,334
Knithaul-Sissy,11,95,27397,1,2591,3
The.Beautious,19,97,9435,15,2248,58
Yaya_uwais Collection,40,97,5459,5,1433,7
DG Store,299,99,86080,1027,141003,3459
kapten.co,12,86,3801,154,5311,396
BerjayaMU,415,99,10145,37,18224,186
ONLINE SELLER,31,95,5531,52,7389,205
twicenice_,9,91,9694,4,1819,42
Uwais's Wardrobe,8,94,12236,0,1530,17
See Sarra Design,6,99,41490,6,5742,12
Mamikka,15,54,308,5,1383,17
Ai.Store.Concept,6,99,35610,2,3064,7
Saloni,574,60,4112,69,6636,245
Korean House,3268,100,155277,1091,127315,4058
Wonder Mama:),20,99,747,0,1804,21
VictoryMall,140,100,14353,54,30218,307
‚ôÄKorean clothes‚ôÄ,2431,98,117917,2284,155618,6612
Gadis Cun,315,87,22256,243,26658,727
Amore Secret,139,100,5833,16,24094,207
neiyi.my,424,89,1491,35,8300,160
Royallove.st,382,97,13912,91,10772,393
TheBono Store,10,99,17562,5,4679,14
qaifa_shoppe,74,88,13105,3,2671,27
LK FASHION,82,99,1317,1,2731,33
DNY LEGACYüõç,25,99,4526,5,4567,34
tsfitland.my,1322,98,14885,90,23812,551
nuritari.my,602,100,6933,72,3859,203
myadamshop,13,94,7450,2,987,14
FAM Enterprise,121,99,1909,14,11244,98
Smart House Collection,95,57,8176,89,23996,351
TTL Flagship store,167,91,12443,183,20692,926
Bellamy House,328,99,31803,120,18375,449
Sinar_Mutiara_Shoppe,129,18,5133,93,22647,323
serba_serbua001.bukankaleng.my,61,100,4243,7,3224,69
Koleksi Sempurna,263,100,41904,46,52036,350
Onni KIKI,131,91,4817,5,2258,17
Warmred.kl,4,71,2365,0,555,1
The E Brand (TEB),372,97,35289,214,74669,1102
Ultimately Beautiful ,425,100,38097,67,94716,509
ziyike,276,99,10982,114,19030,434
auliaayunie fashion 2020,246,62,6575,303,18395,643
Haicospl Cosplay Store,317,88,2551,32,12493,162
famous icon,59,99,30029,112,46853,719
In Fashion Malaysia,52,96,5295,6,1618,11
icos_fashion.my,235,97,4216,6,5423,91
yangy.my,206,91,15238,123,14415,547
Jasii,2,68,780,0,61,2
4U FASHION,1078,45,27079,533,31212,1501
Miss Sumey Shop,1311,62,13831,162,17626,712
ECMLN Underwear,494,86,38103,372,76759,1581
Shop Ready Stock,816,100,188054,23129,708217,42831
xzy321.my,14,91,707,26,1077,40
‚ù§ Prihatin Mall ‚ù§,95,96,8006,18,8727,166
izmieniagaenterprise,16,100,1947,12,7269,82
ninajolissa,6,80,8822,2,1053,4
Women pajamas bra&croptop&dress&bag,1522,96,75596,1615,127207,4949
ST Fashion Best,95,98,12993,108,15454,369
fudexins.my,737,90,3786,97,7399,227
NASHRAH_ummi,14,93,6615,3,2914,21
Dr Fashion,113,70,8537,553,24595,1212
Irdina_Eshoppe,80,97,20096,2,3396,7
Coyott_Shop,15,96,1019,0,1383,5
Love.Bundle,13,88,5787,0,957,10
New Design fashion Collection,27,83,2573,29,3555,112
MY STYLESZ,48,100,12259,39,22750,304
B&M Wholesale Fashion,14,100,1011,0,316,2
üëëüëëfashionme,2641,96,10394,641,29110,1547
Qearlmall,110,99,34027,156,23141,764
Fanci,551,99,38975,53,15654,401
ViQ Official Store,366,91,7329,17,4259,86
Nissa Knitshop,4,96,4880,0,911,3
llbeauty2727,127,86,3530,77,7367,165
iambeautiful.my,2334,80,8803,337,12396,785
wa shop,57,84,1377,36,2712,131
Momo House,617,100,461115,6629,1546733,21003
liezasabri,26,80,21523,11,5147,76
AXn Collection,145,93,9196,180,13433,529
Alisa Underwear Clothing,22,82,4615,129,6539,375
BAJU SELESA,17,95,75873,27,13616,134
Mai.Beli,42,97,11462,3,2164,8
danynaSToRe,42,99,31591,6,3095,21
catfish.my,1143,98,24671,73,13085,370
UBABY,203,99,52462,203,75360,726
DYCfashion.my,69,99,5475,12,3543,101
UNIQ TRADING,118,48,16658,54,17227,390
3W Clinic.MY ,103,94,10918,35,13638,190
YOUNGEST LAND,140,99,18276,161,26760,986
BubbleDay.my,226,73,5863,57,7046,160
ohgadisboutique,34,95,30649,6,9985,72
MR MURAH ONLINE,174,96,26279,740,94513,2557
Adeenda.co,8,88,12961,2,1668,10
xiaofeisecret,57,98,4532,22,6022,102
ONE TO PLUS,64,97,1542,2,788,8
CH Fashion Online,292,100,84006,1131,244776,4514
miborong,101,87,8473,89,33111,442
CINDYC FASHION WOMEN CLOTHING,987,49,77469,2098,121245,6448
milanda Men's Casual Hoodie,968,44,12558,485,28637,1701
Syasya Wardrobe Exclusive HQ,16,75,2545,0,2342,23
YAMMY‰∫öÁ±≥ (whale1688),75,100,43804,738,41265,2216
MUM STORE,38,94,1758,13,5312,62
baju tidur Perempuan,181,97,6403,23,8255,201
EKS Fashion,77,88,13845,319,15678,560
Call Me Queen,60,100,1277,33,4292,91
accentan,152,99,7103,241,35991,775
ihtisyamabdsamad,21,93,4739,0,1017,7
uniquefashionmin,49,88,3903,91,8004,235
outfitvalley,170,95,2101,6,8783,71
SCOUT CHARITY SHOP,10,99,5654,1,1277,0
NAZ CLOTH COLLECTION,150,45,3801,234,9169,466
Lady Fashion,208,91,1066,20,1898,50
Mr Fashion Shop,393,100,64654,332,52799,1645
Boutique VOI,17,96,62977,21,13620,103
qiesgallery,14,98,770,1,1552,11
Ns_exclusive,20,87,2736,2,297,8
BellaChan Wholesale,435,94,11571,221,42237,988
BAJU EXPRESS,826,94,3513,7,2872,34
rinaashopp_,6,73,9378,14,1315,25
HIPSTERLY STYLE SHOP,100,75,33975,13,4809,64
NA‚Äôs Collection‚ú®,23,84,1157,0,107,1
HappyShop0314,23,99,1097,7,1546,31
kidsreka,9,89,208,1,960,6
Shuimu Nianhua wardrobe.,1104,67,588,8,1458,27
MODU FOR BABY,210,51,32065,800,67776,2531
Sunny store(Quality & Lowest price),2503,73,57469,580,46453,2125
Sosten Collection,157,85,48048,721,83493,2797
Kedai Hanna,18,99,2955,9,7807,44
üåàChina Stationüå∏,368,99,2073,26,1364,72
YAMMY‰∫öÁ±≥(ms.fashion.my),186,99,79093,489,76390,2506
Coolinner Supplies,78,97,3254,13,5605,91
Warm Station,5080,96,150539,5385,432794,13381
nadiahaqilah98,18,97,14141,12,4148,38
LIANGZHUO'S HOME,636,97,15087,135,27628,555
airina.shop,27,93,5539,152,9451,425
Vivilee Boutique,219,100,23880,59,34168,434
Qeesyara Boutique,7,97,33147,47,6665,105
color_sew.my,489,5,10864,336,44411,1134
mdamshamn,35,90,19465,4,5084,12
UTP.My,287,99,43450,349,64946,1547
RyShop,31,83,25225,17,8134,41
tinchak.my,361,92,18495,327,19277,1157
jussyval,38,96,1410,50,43958,78
NS.bundle,28,95,14921,30,2232,67
Housewife88 -LBS OCEAN TRADING,60,82,906,0,2685,35
CharmingCharming Brooch Accessories,315,99,1731,11,6212,46
üíñüíûDaxima Fashion Clothingüíûüíñ,515,98,11804,21,4972,130
Mikaze,458,95,13216,305,48866,1411
KORUSH SHAPING WEAR,30,91,490,31,310,11
KiddyHouseMY,262,93,4275,9,4141,54
 Shapewear SUMI kissy ÊâπÂèë ÁªèÈîÄÂïÜ,301,97,15576,144,18612,500
Misuoya dress,44,97,43147,162,43503,914
Korean*Fashion,314,49,1512,32,1817,99
Aoweinisi Trendy Underwear,291,67,73295,733,166438,2957
blacksheep.store,552,99,7177,58,11508,264
PANDA SHOP (MEN BAG & ACCESSORIES),163,57,86929,803,189676,3513
LivingGrocery,54,82,1319,76,6455,266
B&Z Lucky Store,232,85,9650,153,12034,648
"‚óáHey, girl‚óáwomen underwear",247,98,9459,42,14655,278
All of me Bra Underwear,417,82,21711,262,39666,1074
mi.fashionstore,12,98,1599,6,8118,58
paradise_kiss.my,252,98,11902,45,8607,213
pridebra.my,224,98,11710,318,62164,1751
baiji.my,59,97,2360,73,12168,381
XY XY,3,95,3452,2,1194,19
StudioLands,40,98,20609,143,27570,660
beauforme,85,91,1189,16,6242,60
sherenelim44,23,56,5313,29,11495,255
momo home underwear,206,100,7548,49,17048,302
1l5m7avv8g,14,97,1906,4,2548,81
FST Perfect 10,121,100,14650,98,19424,387
yw.co,31,97,470,40,7105,58
Lemon & Sugar,13,86,3335,2,3934,50
BlossomShoppe,69,98,4198,30,6821,144
La≈≠moda,365,85,2120,39,9453,224
v2optical,1002,98,83748,3427,705280,11454
Finetoo Official Store,375,67,51596,929,73562,2078
Ready Stock 713,184,99,19896,349,51064,1259
B&G Queen's underwear store,107,97,7892,32,9412,193
Babyme - Kids pants  dress,3788,84,116731,3017,321433,6893
janelow12866,150,94,18453,25,19657,190
CRT Shop,290,99,153201,1531,268422,6274
S-D Pajamas,6,98,3597,87,9660,289
kawsss.my,282,57,1554,32,1989,115
(FELLO SHOP),585,99,14471,118,86365,1032
"Shop , Factory store ,Wholesale",649,53,10266,332,14545,875
Fashion Apple,6107,96,31181,1797,82760,4051
15875452692.my,258,100,7812,12,5543,75
WEBEE,1136,84,424800,6537,787616,21654
ainaa.store‚Äôs,7,91,18053,18,1984,71
YAMMY‰∫öÁ±≥(popstore3318),149,99,22569,162,18119,725
babyonlinekl,140,7,78113,1195,144988,3323
Qianyun123.my,131,88,1526,46,1654,109
byj fashion,209,100,26329,393,82121,1493
Molly & Co,46,83,407,7,2319,50
AL BASH ,58,52,748,14,2080,47
Ladies&Kids.My,81,79,1044,10,843,35
ÈôÜËØó‰∫∫ÂÜÖË°£,512,92,14638,121,27741,608
XRUI. women jacket ,751,100,25263,249,21292,995
jomonline,497,96,24392,2055,132504,4348
Madnesssale.Shoppe,16,88,2704,1,603,7
Duolin Apparel Store,352,100,101671,216,64750,899
Gerobok HK,9,94,12179,0,3542,14
dicqstore.my,40,100,3049,10,2067,53
rezmawatii,19,97,13092,3,6267,30
Ichika,370,87,3911,79,14453,421
Prettyintown Shoppe,49,67,5230,27,5576,107
Summer Glitz Maternity,931,98,38863,133,83388,1110
Haura Bundle,17,95,40126,6,5392,35
Romance Fashion House,24,100,16843,34,28041,408
dianaambak,15,98,11611,1,2308,1
grow_kids,51,100,4332,5,4176,50
Dora Womencare Wholesale,162,99,21841,412,75209,1743
PPF Fashion,467,99,86703,745,235239,4623
valootao.my,232,96,7269,98,8296,319
Online Baby Wear,1160,65,151524,700,193611,3130
Rizrin Fashion Store,66,86,3034,69,4483,168
Pop Closet,1831,95,31954,106,39884,477
Perfect-Girl pants,2171,92,77131,619,106162,1704
U Collection,43,99,19690,16,21438,176
M Wardrobe,7,93,1329,5,5879,50
future_roses,278,97,41430,189,80826,1132
nursingbra520,254,96,49395,511,117952,2308
myBAJU2U,83,99,2427,19,9606,114
SIS online store,129,98,109258,287,119214,1714
Virene Collection,854,100,64032,928,194238,3916
KbStore,35,100,1591,10,10232,67
SPORT FACTORY STORE,1340,95,6641,37,2443,82
Darling_Sofeaüíï,6,93,3781,1,677,3
huajiatang.my,153,93,10119,43,4487,125
Grace‚Äôs Wardrobe (Wholesale),521,98,43191,28,12647,181
suraya shoppe,30,95,5607,0,1438,8
Yeen's Collections,55,85,4593,0,1050,0
Vinida Collection,108,99,3518,11,8173,71
Jashion,9,99,47421,17,5926,95
Bundle Viral,65,84,44287,27,13578,89
Haa.murahshop,12,100,4665,8,9528,120
Mister Watch,176,100,5569,23,15659,207
Syafa Watie,45,95,6919,5,2274,22
Marchever,364,95,241609,3704,636071,12841
SWAN FASHION,150,97,1155,10,7777,61
JUJUshop.co,11,90,23056,0,4771,9
Âá≠Ê†èÂ§ÑPLC.NG,277,81,13807,172,7295,459
Arish Collection,774,76,9633,16,3004,26
YJ Fashion,558,99,5844,60,5728,244
Pause Studio Official,38,96,11308,3,2637,29
sweethome4u.my,278,76,5910,77,9444,258
Real Bubee,142,6,75324,1297,162575,4063
NK DENIM HOUSE,56,74,12579,626,30919,1403
deyane,18,99,28213,3,4798,18
syaifa.shop,11,92,34257,5,5540,17
SHININGSSHOP,101,88,71818,703,25754,1916
Home Decor Go 123,87,51,12346,390,30466,774
Mix Mix Collection,145,94,32489,721,94034,2439
Sesong.my,392,85,33555,121,13763,497
Samoyedmy,58,97,3940,30,6648,150
Gempak Gemilang,11,96,45118,3,4122,12
goodlifes.my,168,73,221,7,821,38
Usexy,39,93,4052,106,12429,417
HC Fashion Store,303,98,93888,878,152265,3508
NBEE Fashion,71,96,22864,5,11841,57
mysteryoffemale,900,99,68747,530,100210,2418
Forest Official Shop MY,1555,99,133208,616,120405,1846
Wardahku,40,100,27834,141,25976,555
TX FASHION HOUSE,87,99,13116,55,24236,345
Zaiya,466,94,58256,1540,232888,6486
Japan Station,1849,100,102209,666,89236,2715
R&C by KUI FASHION,313,97,4243,47,11463,216
Happy Parcel,148,100,41413,695,142821,3071
Lanbo Shop,280,99,56770,467,87959,1930
babymomstroller,105,1,44325,601,70180,1654
Sexy & Me,18,89,16515,5,6624,14
Kimyana_Shopüíñüíñ,92,97,4019,0,1006,4
Formiko,510,92,51547,1113,185422,4571
RAMAI JAYA SUPERSTORE SDN. BHD.,369,99,11031,62,28342,203
Lucky Girl Underwear Shop,228,39,41772,815,165767,3858
Merlove.my,685,92,29973,530,84633,2642
JULIET-EL COLLECTION,15,89,3790,19,9791,121
db kids fashion,143,97,7903,33,16436,132
AWS1688 bra panties shop,408,96,252651,3402,544240,13737
expen.my,4801,63,8606,205,23951,623
bestprice1920.my,3115,99,10933,610,36988,1543
sqfashion.my,798,88,44057,1430,86258,4432
reneerc,87,100,3630,7,7178,58
üéÄ ùìêùìµùì∏ùì∑ùìºùì∏ ùìëùì∏ùìæùìΩùì≤ùì∫ùìæùìÆüéÄ,4639,70,55601,311,45519,1343
TOMIBU,858,89,7857,136,8580,280
Silent66,545,93,67727,2225,318934,9147
Mega Deal,299,99,124147,430,281794,3758
üòªH&L KITTYüòª,394,57,21489,320,13527,880
manyzeroes,21,89,46724,25,5313,133
OF Vogue (Local KL Seller),187,100,62751,473,118999,3238
topcollection01,150,4,13741,591,18582,1088
JEC Clothing,4,99,5611,0,1609,10
LOSO&co.,6,100,22185,1,2958,9
BGM POLO Official Store,206,89,68996,385,44640,1331
UKids Maternity Store,42,97,4542,12,2608,39
MrBaju - Bag Munafie Panties Bra,240,90,210306,5349,313930,12694
balkhqisghazali,7,84,10977,0,2200,6
babybaju,158,6,194982,2740,379395,8350
anissmasri,17,95,45503,7,7343,50
Ahuang Quality Life Hall,35,84,3445,11,6356,62
summer.10,73,93,17562,47,24621,342
SQ Fashion MY,58,98,14078,15,11308,132
JoannaM,596,94,44869,215,17689,963
FantasticStore.my,249,98,25174,210,56861,744
daduhey women's chothing,1797,100,90024,474,75886,1998
Nur_Jalis,2,97,1677,0,1069,10
SOKS MART,241,100,59446,770,156176,3285
I Lavie Fashion,33,89,25587,3,3766,25
adelia4mumz,27,78,3112,2,2681,28
Tsyon office store,153,96,17594,218,31705,680
MM Craft Clothing Workshop,400,97,7175,50,4792,177
KL online seller,79,38,3834,154,22142,463
Topfashion123,8,94,828,1,1186,21
Tgshop.collection,115,91,11131,22,2866,76
Malaysia House ,445,97,32347,323,51969,1809
NiaShop‚ù§Ô∏è,6,87,12300,4,2395,29
Sq Online 27,47,99,2361,0,494,1
ikon-(Blouse bra Pyjamas dress),4133,93,153384,3777,315446,11478
YACANNI SHOP - Ready Stock - Sport,246,99,69021,456,167716,2744
Beautiful Cabin,116,91,108030,896,123678,3616
THEFIA.THRIFT,13,90,32235,19,6809,54
chic maomao,206,87,15360,54,11166,300
JEANS Factory!,35,95,7917,166,17314,497
Aladdin Life World,89,97,12626,140,60229,867
bumblebee1688,236,98,75220,471,74739,2293
DZ Bra Panties Shop,149,96,10784,263,42678,1148
SILVERCLAP,26,99,581,4,1085,21
Style Up Fashion,274,67,55799,225,57212,1032
e_morestore,266,82,13746,293,29742,1066
All Cutiest Item,34,98,1123,25,3672,140
jondrins.my,63,13,1912,27,5692,133
goldendiamond,137,87,16785,240,35650,1012
d5sblvm34d,773,92,2346,38,6947,236
doubleping.my,233,92,17098,154,22152,862
FullCoverMart,540,88,73966,1624,187925,4590
Preloved_bySZ,9,99,16674,0,3348,20
babyfashionmall,162,6,206861,3053,362253,9683
You + Babe,25,95,4075,56,22342,414
mayleebiz,133,100,10815,370,85220,1617
paul09trading,62,100,17150,70,26303,440
Angelian Shop,273,85,53694,19,29213,91
ZANZEA Official Shop,6827,98,662623,2075,602110,12576
96JoeyFashion,183,99,9026,41,17517,269
RM Fashion,197,90,1747,62,2183,120
cybershopperz,118,88,44276,23,7343,137
SEXY ME„Äêbra underwear„Äë ,925,99,57991,1337,163163,5518
nadieralatif,7,99,31054,5,3038,16
4GL Official Store,857,100,62169,760,228117,3814
Katty_Store,448,39,37152,3042,105649,5632
Chenxinjie  Bra  Panties shop,689,99,14105,61,31767,475
Pasaran Ekonomi Berjaya,976,99,49916,152,91875,1021
medela bra,236,92,29121,188,47710,890
SV HANA OUTLET,9,99,24757,24,3582,58
UR Super Store,280,99,17977,295,26669,995
96 Boutique,7,99,15485,0,2340,16
Top Fashion Store,7110,91,123822,4801,351528,11261
UKIRAN LASER,22,72,722,4,1025,8
Maju Borong,129,96,13495,317,51988,1282
Mcjoden,461,94,20351,468,100497,2211
Style show,177,82,5625,17,3308,101
TZ.CO,5,73,4128,3,1800,25
Miznana_shop,15,90,11228,5,2755,16
norsyamimiishak,12,92,1383,0,212,2
changtebak,12,83,589,1,494,4
Deenara¬Æ,17,99,7256,8,4012,41
KHALISHA CLOSET,11,94,7227,0,1802,2
upin.my,165,76,7485,140,2345,300
QPplus,254,99,1660,14,3339,85
üå∑SYANAZ SHOPüå∑,94,92,14781,0,1858,8
FlashÊâπÂèëÈì∫,55,88,1937,23,3632,77
YoPyjamas in Malaysia,16,90,9397,49,8247,195
Sofeyashop,12,94,4286,1,969,15
LYstore,1216,79,20827,303,31935,999
sunshine44,2899,96,708,78,3605,181
FASHION_MIKE,181,91,9771,54,8008,246
TAOZI,110,43,17001,96,18740,575
mallynstore,33,93,8059,31,8485,187
dobebe888.my,390,96,1499,8,2057,45
Raisyah_Eshop,34,77,5024,5,1577,25
surayaborongku,110,70,6093,372,31560,919
royalstore.my,56,99,7026,36,12399,185
Dhia Alani Official,16,99,426,0,389,3
BLOUSE MUSLIMAH MURAH,30,98,20102,58,22097,420
Soft Snug Official Store,23,98,2069,6,2665,17
AZ Vintage Closet,15,95,6067,0,879,1
sabrina stuffs,28,85,10241,12,1677,45
Shoe clothing exclusive shop,481,97,1799,43,1649,72
electops.my,198,87,5081,15,3047,81
NazaeCollection,16,87,5465,0,1193,4
wonderful.my,5582,100,13500,306,18486,618
Shining Smile,292,95,15843,91,22601,463
Oxy20,92,93,2524,41,4033,105
nassiesr,203,52,2464,206,7292,434
Bundle Nurraisya rania,10,75,3278,3,973,8
june6.my,118,95,859,12,2137,64
k.byshopping,201,39,6309,45,9295,159
Maeiya Mall,24,61,1742,59,2259,149
Women Home,1101,86,2223,52,5748,195
THE-BEST-SELLER,9,81,7382,0,799,3
Perchedharbor.my,231,16,1985,31,2853,138
vinz.store,296,75,18839,96,36396,469
shesgirl.myÔºàblouse T-shirt braÔºâ,2117,74,7844,109,9573,377
CAIYIER Store,127,92,6395,19,3635,71
mammaclothings,106,100,1283,0,1743,8
swin2019.my ÔºàDress T-shirt  BlouseÔºâ,2774,57,30931,792,37795,2044
Queen Code Store,349,66,289,4,888,12
Pido 92 Enterprise,48,99,3725,0,778,8
hanshow.my,797,100,47557,89,11724,336
runda.my,1104,98,16730,245,29764,882
Fairy Kiss,85,93,11643,14,7548,90
weixun.my,170,100,2639,10,2168,78
Citta Dreamz Matrix,956,90,13170,346,30432,1388
üçí Baby Baju Boys Girls Clothing üçí,4021,94,67862,1402,191964,3602
Ultimate beauty,40,87,7246,11,6321,123
weimei,307,95,23548,384,14504,927
Plus Size Bra,79,82,8110,25,7858,169
cikbungaacloset,42,90,5436,16,5283,61
LadiesÔºÜFashion,329,100,2170,13,1430,39
happylife2019.my,1230,100,27953,514,67514,1237
Just In Boutique,128,98,4461,16,5804,91
Thexwall Store,93,98,5817,90,35649,629
jojoh.my,281,63,2452,97,2635,212
Home Convenient Mall,793,94,5001,36,3822,115
ALLSTAR,360,65,10396,99,17736,278
AZ Family Stores,83,92,5107,22,1924,61
SHINY BEAUTY - Women‚Äôs Fashion,317,95,12504,152,10824,431
Minna Sport,63,77,1114,13,2378,50
SamanthaBoutique_Official,2,93,809,0,2074,7
tannet,54,97,3104,59,4264,120
bonda tanjung,155,96,17170,19,6323,75
Photobook Store,64,97,9144,168,23246,246
Zaitik's Collection,18,99,493,10,1381,38
Xi Xi Shop,581,99,19318,92,11164,480
BiO.boutique,30,97,7998,0,1617,9
HustleHasil.Ed,4,99,2060,0,542,1
women's store.my,348,96,6137,37,4048,184
erfei.my,109,100,3437,2,759,22
Fathiya Bundle,7,100,1557,2,1124,10
magrastore.my,41,100,414,1,493,21
vindee fashion,62,98,453,0,910,4
zhanggaijingcb.my,3035,93,19124,257,23657,952
Fashionladies.co,3,96,20357,2,2225,14
SAVE N SAVE ONLINE,683,79,9690,36,8854,187
Women's collection,61,85,1031,14,1765,74
ChubbyBitsy,1204,96,28463,196,66674,703
"MINTWomenfashion,blouse,dress,bra",2637,31,26170,1011,50993,3075
AqilahQaisaraAmmar Shop,18,93,4377,0,1807,11
MK Beauty ,182,99,34965,247,37542,1069
StayHome Wear,285,97,15023,56,11145,262
Women Plus Size Underwear Shop,98,99,4438,23,5626,102
Hamani.my,30,100,1640,13,2347,54
tshirt_viral,38,59,648,0,398,6
Busy Bee x16,16,93,4622,32,5677,164
bigmall1,2602,97,39386,77,10729,282
Lingerie Factory,114,96,2625,18,3252,67
dodo.my,929,92,21592,76,6715,223
hloutfit.my,145,89,2860,2,724,12
hearsbeauty.my,1110,99,4544,214,9512,447
HALOO ‚ù§ ,83,88,2317,14,2031,32
eslilinshop Moms & Baby,336,98,4754,44,10274,231
coopermas.my--women blousesÔºådress,411,99,12993,247,10677,794
Diyana Zahirah,58,94,1733,5,1608,11
fca666,766,72,19189,848,25533,1738
Young Hearts Official - Malaysia,412,56,47464,252,50773,941
nadianurululuwiyah.my,38,100,550,1,628,9
Kimi Trendy Lingerie & Nightwear,505,27,10790,98,11693,325
Different Touch,29,87,1620,12,1064,35
bestvape.my,78,32,1736,48,5647,205
Coobuy Flagship Store,3112,95,68293,1811,140565,5376
BYSAKURA,20,98,946,3,1117,25
ADELYN ONLINE STORE,307,94,15118,230,28892,751
sunshine.,350,70,2350,100,6073,234
yuna una shop,12,97,1355,0,559,1
sports jump trak suit,2447,93,6342,66,10593,367
Te Amo ,277,99,11290,98,40684,528
hylsocks,170,76,1716,12,23285,83
Prelovedbyqie,8,91,10847,0,1120,0
storeayah,7,99,14996,1,1700,2
HOLIDAYS_MART,58,60,2236,20,6726,98
YANDM.my,184,99,3964,8,2557,74
Myfooyin,349,89,381991,3825,842466,15587
dress maternity,1129,65,13501,80,7382,328
limited.beauty,19,98,355,1,1677,16
Daily Special price No. 1 Shop,557,88,4399,58,4926,185
yoga pants,214,99,527,3,1108,15
Bemudatrade,161,89,2357,25,5217,54
Elrissa Collection,15,95,3125,2,859,7
echabutik grosir store bali,149,100,5606,21,3387,81
Qaseh Lianz Shop,13,85,381,1,960,8
Lucky Lady Shop,127,90,6580,42,11993,252
Polaris_Dinamik,236,88,1212,22,3466,36
eiffany.my,85,99,4077,3,1690,54
Horse Shoes Korean Women Men,80,61,10991,167,7153,434
magichouse.mywomen fashion clothing,242,83,4651,282,6168,526
eliey.co,3,93,17127,1,2524,3
Fariza Shop,16,91,495,0,1112,8
tike.my,345,95,4230,43,2849,128
morihsye.my,156,79,201,5,471,17
RedEx let,40,86,1944,27,2664,113
wawashop.co,19,100,21177,23,6064,75
Girl's fashion life.my,75,93,4917,10,2368,52
sc agent,301,96,6915,22,8973,132
syk.shitou2.my,1274,90,1577,30,2918,74
MOVING PEACH Official Store,408,98,21894,16,8343,169
ladyhouse,2449,90,12397,263,12498,569
MISS U STUDIOS-Women Clothing,174,96,12614,117,6345,344
Pajamas Dropshipping Store,120,96,4148,25,5868,105
T-shirt / blouse,2976,76,101710,2456,135842,7345
mhkting.my,2769,93,19720,152,24657,621
SisAnney,11,99,11624,1,2655,10
BONJOUR_CLOTHES,159,100,3954,10,7275,63
Haans.co,2,77,1304,2,567,2
Shoppinkart,17,97,426,4,2220,52
small_rabbit_18,373,93,4451,6,17895,117
SAKAN Official Store,1319,60,13277,121,17112,453
Honey Boo Official Store,83,99,15011,117,60942,494
jjsocks.my,162,97,3170,4,3291,24
SZCOMI-Sleepwear Factory,4247,90,25187,151,33254,861
MUMMY ROSES STORE,11,96,2273,1,468,1
JejakaJeans,10,79,1262,44,4605,128
horse.my,140,91,1804,6,2584,16
Gina bundle lover‚ô•Ô∏è,11,95,10672,2,2169,9
T-fashion house,35,99,2337,14,4482,81
SUNDAY plus size clothing,61,84,8343,17,8790,100
threeday.my,2791,65,6029,235,8292,524
KD-shop,17,73,5208,0,1381,7
Gravity.my,355,88,4799,68,3476,229
AKMAR HIJAB,235,96,8223,51,26751,281
Cheaper.my Official Store,427,95,28080,719,63520,1988
Ms coco,187,98,3237,15,1517,46
Champange.gold,4,93,968,1,437,5
COCOE BUNDLE,5,86,11257,1,1640,7
encikviralmurah,5,100,1321,10,1187,22
KS Wholesale,121,98,4699,4,13110,69
SS-SHOP95,97,94,3478,2,792,20
ELF SACK,184,85,3242,14,2070,55
Menzone_butik,36,90,3483,19,3671,78
Icebear2018.my,2951,95,13056,130,8243,378
Realeos (niagaborong),1320,98,291931,4735,534520,13665
üíì Apple üíì ,500,99,14702,29,6817,145
Huts.MY,110,93,2282,11,2775,26
nurulhidayahkhaleef,19,96,25850,1,5032,18
BUTIK MIRDAA,245,96,11278,1,4295,15
RexzaStore,34,11,2228,72,6420,201
riznayuriz,6,98,3250,1,465,2
OMG Living,89,99,1188,4,2141,25
Women's clothes wholesale.my,1000,97,22528,244,18722,748
168concept,273,74,51055,447,113120,2131
innovation,116,100,4887,14,14065,107
garrini.my,218,93,2304,46,2660,192
MY BRA,66,100,7579,19,8847,113
shoesstore.co,74,22,1857,142,2290,311
Elhany Exclusive,17,96,1751,1,1759,4
poktehsmart,29,85,1203,1,425,2
RABIGOO (ONLY ONE SHOP) NO DROPSHIP,1414,93,56299,773,261768,2358
NURBELLA BUTIK,45,93,13008,8,8465,51
Knit-a-holic,10,91,44589,1,4695,9
Herman,287,100,67926,3260,280923,9211
arjungo.my,79,97,1321,2,1490,17
longjeansshortjeans,3035,96,8634,203,16149,599
TheKhairuns,16,93,5741,0,2164,5
sisters store,14,88,6153,3,841,12
Matahari.my,192,99,2381,51,15855,226
lanshi.my,559,73,6313,223,23962,607
buycycle.my,238,96,1426,25,6992,85
Simple Health,72,99,15711,278,47994,940
Mamelida Online Shop,7,90,7861,0,1802,4
Louis_factory,159,98,39635,38,67998,269
secret_gardenss.my,358,96,15316,112,10986,523
kedaikita2332,10,36,393,8,1661,29
SyaifaDiela_HQ,59,93,3166,1,5562,42
newnew.my,217,82,5098,43,5981,209
Chic Dodo,225,96,3491,15,1858,53
hodroad.my,4932,45,22850,1532,51614,3574
SetiaBorongSales,206,70,27507,3053,141835,5340
tingniuer Women's nightwear,355,98,27590,135,26285,554
Little Apple,3,88,510,4,2207,41
Butik_rezekiaida9,201,91,8635,3,2478,26
Queen Secret,415,98,11547,100,22963,565
KJ_Store888,24,100,901,4,1342,14
Hainun.SCARF,38,91,1619,41,2394,112
üß°Fashion B H üß°,80,90,1860,4,818,30
visashine,1118,79,8365,325,22351,889
Garden Store,1120,95,137974,2222,252633,7745
KawaiiShop Boots Shoe,106,96,15206,46,18672,293
zhishang,31,92,972,8,2140,51
ksvintageoutlet,44,91,7789,2,1423,18
A_Abundlestore,22,94,7954,2,2212,5
cc   ,2206,97,19805,179,19420,796
Felacity Lingerie Shop,26,94,5362,18,7636,115
Sasuke store,13,89,9921,2,2767,21
Thrift Store by PUB,12,76,3098,1,548,3
Rubylong Pajamas Store,160,93,1271,18,5420,105
Sweet Heart Bundle,2,97,1185,0,117,0
loboparfume,38,88,6090,106,6635,343
PYJAMAS BY NONOMSURAYA‚òëÔ∏è,5,86,14415,10,3384,23
cozyjuly.my,58,100,2431,10,1870,36
Sorella Malaysia,188,47,40741,214,26435,462
Xavera Collection,278,100,3101,50,1846,140
CANVA HOUSEWIFE,131,100,4116,26,18628,162
F.M premium bundle,19,85,11089,6,2010,18
SKIN EVER Store,185,94,1248,5,1418,35
AT Fashion,1367,99,4169,5,1704,14
BeeB Online Baby Store,454,95,41278,322,143383,1362
Linki---Fashion women,648,96,45154,430,30944,1429
ÁêÉÁêÉÂ•≥Ë£ÖÂ∫ó,414,99,1087,1,812,24
FH Fashion House,233,93,68412,552,100521,3631
IHH.co,278,80,15237,137,34371,605
KGT_KG Trading,947,100,42010,332,86036,1284
eyecsl,694,92,10755,140,23343,526
Manwei Medical Scrub Suit Uniform,397,100,10904,189,22418,764
anyic.my,1663,76,436,34,2184,82
mary_fashion.my,180,89,2458,16,2476,126
GreatonlineG9,711,86,63394,986,215915,2483
THRIFT QUEEN SHOP,16,96,10364,9,1573,41
Z.C.K.my,31,81,430,27,1530,51
VC Store,278,99,9986,100,18372,457
KI KI,299,72,12529,193,12806,583
Odilo,1708,78,36071,1187,68508,2771
bayline2019,1907,96,29455,222,19704,786
Cool Rack,271,88,11647,37,2639,77
Nabila diapers,44,39,15930,17,3281,66
JiemiStore.co,139,94,24513,18,14016,129
GM Bra Panties Pyjamas,141,98,5179,11,5562,99
Popular House,175,99,1431,147,6505,351
huihui0312.my,518,93,6635,409,18031,1062
The 1.9 Lab,800,97,154335,737,344536,4094
Beauty_kaseh,17,85,9184,67,3223,81
KK Smartbuy,223,97,25066,155,50447,911
üê∞KIDSUP SHOPüê∞ ,3946,93,68507,1959,238043,3731
OWN VINTAGE SHOP,23,95,16852,1,3299,13
medelabra.my,181,88,2468,24,4301,85
zzpylsm.my,85,52,759,4,440,22
House of Clothing,900,97,17094,298,20852,1196
taqadamia enterprise,41,100,19732,24,4333,93
bellemoda*skirt+dress+top+underwear,2655,48,6591,171,10421,541
Deals20,559,74,11181,99,6642,353
AKAK SWEATPANTS,126,96,7280,1,2355,4
MS JuliaÔºàskirt/dress/shirt/tshirtÔºâ,1139,94,7891,53,4927,219
_mpy7mwm2k,3,59,3800,1,835,14
moilygoods.my,3715,96,13217,210,21603,517
cattybuck,11,92,11692,0,1359,1
DINOSTUFF,7,81,3844,0,1239,3
Hoe Hon Distributor Sdn Bhd,2231,63,138334,2183,610764,6433
raffar.co,3,100,10843,0,1045,4
Kids Fashion Dress,2439,89,42880,899,121555,2579
pooloos.my,299,99,4598,16,4833,88
HANNAMIKA,15,97,803,1,1900,15
Fashion Ready Stock.my,325,26,8202,302,10055,804
AshieraShop,29,95,2462,38,1688,127
FACTORY_Outlet,16,90,1703,22,2073,66
Socksland,269,87,7705,31,25122,341
DMD Mart,118,100,2753,10,6341,59
oddstyle,224,92,6381,798,28841,1607
J.C.store.my,505,98,6213,26,8668,142
Mashi_Shop,9,95,3963,0,539,0
Ellysha Collection,57,74,6983,173,5651,454
wonderful living official store.my,182,100,1448,0,2035,27
üëóNice HallüëóKorean Women's Wear,420,62,896,22,1241,44
Lesya Shop,23,95,1084,1,1272,15
ayeitsbal,67,99,9832,1,2133,3
WDL SHOP,7,92,6491,0,1702,11
Hajjar15,7,94,5392,0,1011,3
lucky520.my,188,99,6418,26,5359,121
ATP Professional Business Solution,1214,96,196653,6723,607855,16714
KEDAI RUNCIT SAYA,178,55,7250,82,17641,335
Highlander Thrift Store,4,86,2275,0,812,6
saudagar.my,150,50,13777,163,10586,414
lotuskashop.my,88,100,3979,19,2366,60
indoyoko.my,248,90,8604,33,2985,101
‰ºòÁ±≥ÊΩÆ‰∫∫È¶Ü-‰ºòË¥®Â•≥ÁîüÊúçË£ÖÊâπÂèë‰ª∑,936,80,6231,84,5935,269
Wann Beauty/Obj Bundle,33,81,5332,0,1185,6
Beautiful House.my,296,20,2255,41,6785,145
Fashion Go ,519,78,15065,1586,44287,3356
fashioneticstore,8,91,24649,9,2843,50
adiandiandian's store.my,108,95,1386,7,1451,20
tandyshop,1169,19,9130,433,22774,1062
KR AUTHORISED SHOP,99,42,6563,260,25224,781
harrazriz,113,83,9620,1,2318,8
Pesona Muslimah,39,87,1654,6,4855,39
Surikids Boutique,409,98,5384,16,11578,64
9u9u9u,46,66,554,28,3854,76
YAA collection,16,35,871,14,903,24
MILLIDRÔºàNew women's clothing storeÔºâ,248,92,12730,103,10341,385
Kid Underwear,182,79,19298,338,59024,1188
WYR CONNECTIONS STORE,233,94,60250,665,109322,2488
TRUEDREAM STORE,112,99,11781,52,6755,253
LITTLE SWEET HUT,105,97,9719,2,3708,17
PAKAIAN MUSLIM & KEPERLUAN IBADAH NIK ADIB,499,43,5918,103,25613,453
 Aikumei Factory,157,99,8943,42,14849,209
texwin_shop,191,99,3282,45,17197,304
FW.CO,32,98,5834,0,1337,6
BUNDLE RAJA MIZA,4,89,1371,0,92,0
Fanqie Women's Apparel,965,67,12519,96,6876,284
AZFashionHouse,163,95,6751,60,4793,143
Lemon H,140,91,8855,60,6706,248
dawsaww.my,214,98,3023,13,1401,45
Summerology.Store,10,81,37,1,189,12
Meijie Happy Socks,481,66,15007,219,61406,725
ariana.shoppe,22,99,6978,1,1430,5
Dareena Closet,70,64,8409,59,8605,235
Gibmir1920,13,97,5633,0,889,0
yingying855 (SS),132,97,12325,185,18573,745
APAI X OOTD.CO,16,94,17188,0,2359,14
aioona,52,94,1226,9,5967,66
kasalife.my,891,49,24009,1263,15545,2239
Pick N Pay,5,99,20558,1,2396,15
Preloved Clothing Kids&Ladies,31,86,4971,51,1832,129
tarrikoer,637,75,20021,427,20588,1260
Mr. Right Flagship Store,569,85,9368,357,17533,1158
YOSICI,1305,77,3622,364,11745,718
mrlaju,52,99,5607,233,26223,898
LemaryChanteq Bundle House~,58,94,53083,12,4887,66
XIJING-Top Fashion Store,5083,91,150936,5104,497483,13408
Women Nightwear,1137,89,29044,1510,60960,3717
Clara Women's Apparel Store,1171,83,12516,98,6255,298
Oren Sport Distributor | Jute Bag,93,91,2036,46,8079,113
You Me,35,98,1330,3,4089,54
La'Bella ,66,95,1405,18,3142,75
Rosey Thrift Store,12,97,10399,3,1792,8
Born2shopwardrobe,41,95,17560,5,5557,37
AZ  GALERY,90,88,3169,48,5450,183
xiangjiaer.my,110,78,998,8,768,31
TR Fashion ,41,96,723,21,2310,63
pbfamily.my,81,100,1299,10,1670,63
VmewSher Office Store,432,100,11750,12,4641,72
Weird Bundle,44,100,10321,0,2732,32
Lisa Pajamas.my,416,98,20714,43,18564,195
MJ LIVING WHOLESALE,125,99,16850,203,40940,703
YT IDEAS,185,97,18557,63,40726,457
aceboutique.my,4486,100,24602,503,15892,1134
YESMAN.my,334,91,1547,51,2303,131
JULIZZ,21,60,7816,12,2025,33
wsbz.my,825,62,5486,82,3518,248
hellogalaxy.my,8,93,14082,1,1685,12
"RUNKAR-clothing,shoes,bag",586,100,16913,125,11580,494
SH_Collection,83,95,27170,23,11200,60
eisyakhalis,71,87,1312,6,828,20
Women Clothing wholesale store,1409,77,9582,877,19874,1619
HALO-MOLLY (Bengkung Corset Girdle),118,85,2667,64,12477,304
R&S Ventures Deco & Plus Size,28,98,399,0,1576,11
FASHION HOUSE,109,74,36850,654,52897,1536
bowen2018(Bras Sport Bra Pants),129,97,8637,47,12411,325
AlifImran Bundle,9,93,2645,0,778,6
FunnyFashion,249,83,2437,41,2176,94
Luxeglowstyle üåº,14,82,17200,4,3280,20
home360.my,354,92,36552,335,77264,1412
borongmalaysiatermurah,1862,87,3855,88,9653,350
karlidamusa,101,92,1152,15,1945,27
datgal.thrift,4,90,11789,0,1855,4
shashaerisya,10,97,5631,0,689,3
popularsocksshop.my,95,51,1749,10,1279,51
Bolster Mall,871,86,23442,600,39676,1717
TRIPLE.W. üå∏,12,95,6815,1,1508,3
DEARSIN OFFICAL,134,87,9936,99,12332,353
miss.candy.my,356,100,5907,154,11364,623
shawlpublika,38,88,18710,26,2255,65
ain3118.my,123,43,6951,327,6212,542
qurratrazak23,3,87,92,0,118,2
rerama.terbang,2,98,4766,0,1094,2
BBS Mall,136,99,3411,7,11350,137
SHOP.TERGILA,64,67,1325,3,119,2
Beauty_Store,3662,95,26874,2318,161645,5187
ainazaidi,60,63,198,5,664,10
asterxuan,26,99,425,0,502,3
ZSIIBO Official Store,318,53,4574,178,6193,441
onhao.my,297,82,2077,17,1573,80
XiYuan Underwear Official Store,98,38,1996,128,2764,166
nurelisashop.co,3,90,13171,1,1919,4
home&fashion shop.my,880,93,7634,80,6499,298
yongtongfushi.my,255,99,24315,52,27806,254
fangxiaowei214.my,48,82,1231,12,1201,25
Voguevintage.my,5,94,9598,2,2384,14
LANCE & Fashion Wholesale,425,66,6036,56,3604,189
STOKIN MUSLIMAH HIJRAH DD,7,85,2590,10,7203,45
Haircare Center,197,100,1662,13,5929,35
hanakhaleeda19shop,55,49,3469,7,1485,17
putri.yassmin,85,90,2933,7,2796,24
Le Harvest,52,98,28267,22,8609,102
sherraa,3,89,13903,2,1647,8
jajasweet,1,60,3503,0,636,0
ILOVEDIY:SuperMarket,5884,96,19399,589,72261,1734
RS MY Store,1056,100,10564,63,25602,287
ineeco.my,535,93,4006,81,6447,328
ButiK PluSSizE MuraH,11,97,7892,2,1736,8
Twoo Life,146,66,5656,34,8882,188
L&T76 SHOP,193,96,4062,42,20651,246
üíñCC Apparel & Boutique Houseüíñ,2477,77,16090,146,11222,517
FM1602,53,94,5816,3,4001,27
babykidsaccessories,482,100,31441,26,34586,201
Good dream,57,98,18437,373,26768,1539
Ellis Mart,29,99,2916,16,6582,122
SHOPWITHAMYYY,4,87,54,0,205,0
COSHOP - women's clothes,737,88,11602,280,25511,995
 Miss Han,290,81,1324,7,973,20
SMART CHOICE TO YOU,287,100,87567,987,206884,4785
Female clothing,469,81,6617,172,10384,511
Yesladystudio Plus Size.my,692,97,16542,93,12544,409
Degeschaft,38,100,5424,29,4907,160
JhuaY Shopping Center,1313,100,83572,3095,144332,6195
secrethouse68,113,98,7731,17,10475,112
Amy  üíïËâæÁæéË°£Ê©±,812,94,22264,64,17809,407
hailie.my,535,84,33049,1408,82465,3151
THE0080,34,99,253,3,400,4
Female fashion,210,100,3116,13,2738,115
pingshun998.my,347,91,13040,208,17268,875
forall0210,97,98,2316,119,10604,324
Tshirt Family,760,98,23336,123,9260,323
pipimother women's clothing,722,100,9654,129,9794,543
DINADONNA BUNDLE,8,84,10603,3,2529,8
Silvanna_Empire,50,81,611,12,3606,71
La Madre,48,81,277,1,395,9
Pyjamas Hari-Hari ,68,98,7200,21,13161,152
Batik sarung classic Inter Hytech,40,97,23990,8,7770,79
JLY Clothes,226,95,6653,41,5268,231
wardrobe.byifa,14,99,10560,3,1451,9
liana5882,37,95,8767,2,3424,12
Magic__Pocket,200,69,2106,84,8042,262
Feimefeiyou,2344,80,70435,1627,139693,4801
ANGGIE ONLINE  SHOP,32,98,2206,17,5951,131
ucuuu.thrift,3,93,2457,0,340,1
i30bs2kjaf,3,90,5464,0,1009,5
QnQ BabyKids,386,94,33524,57,43691,312
ecgroup,106,100,33925,97,57171,605
BONI FASHION HOUSE,111,65,1931,38,3944,110
cuicheng.my,630,65,21880,465,19463,1204
Jeans Jeans,369,98,5079,70,8004,238
Byshydamokhtar,40,94,8307,3,2385,8
SJ happyho socks,123,99,2264,12,4257,65
QQbaby,413,100,101091,906,219309,3161
FeelingMall,114,94,28916,131,18104,618
CahayaTerang,79,94,1541,6,1350,19
ainFazleenStore.co,6,97,7846,7,1191,10
TOP FASHION 2U,99,97,18157,50,23995,323
GDTima.my,1013,92,19561,92,10831,411
Women's Blouse OL Work Shirts,317,97,3291,43,3729,146
nursyaf.co,11,90,51700,27,8644,112
Happy Mummy Store,113,96,8762,27,16284,115
ULALA.SHOP,5,92,1025,8,872,32
Hotexy Baju Tidur Perempuan,268,92,23735,161,18161,577
hengchengcheng.my,163,100,1167,17,1173,58
Rosaellashop,9,86,19506,45,6707,106
pink baby.my,351,98,4757,102,8277,480
YIYI888.my,558,98,1969,9,1328,33
Maybuk.shop,12,89,16976,5,2246,23
caring shopping,100,98,6896,116,16938,396
HC Selection,200,95,1729,7,6783,75
JiangKao Fashionable Store,1454,98,14357,214,43970,1179
Leafish,299,94,9394,55,23550,246
Kirana,11,82,20658,0,2532,12
pemborongmalaysia_,1726,93,13817,292,15340,694
toshio1987.my,383,99,19330,267,35902,1007
ddiy_shoppe,32,95,2688,0,1034,17
lesley_wardrobe,911,77,4351,102,13039,326
Fabuwawa Enterprise,425,94,3345,71,6379,229
borongkings,1702,99,11349,844,72901,1766
LAceSHow-Carefully Selected,645,45,23441,576,36536,1800
Pink Mickey,158,98,15867,63,13294,380
hukalohbah_store,11,76,1903,0,414,0
ECIS,1491,91,2620,28,6635,83
ARAB SHOP,48,87,1318,14,1739,17
jiexinjianzhu shop,1654,100,4402,2,559,10
yp_boutiqueshop,57,99,1536,3,4182,51
Body Lite,22,99,1545,1,2061,40
Ratu Cantik 0606,106,98,2540,9,2827,24
giggle.my,2308,73,1991,56,4070,173
davidson008.my,1113,92,20914,217,12579,574
Ms wardrobe,648,100,7596,42,5378,206
RR Junior SHOP,7,97,4070,1,987,3
QQ Outlet Official Store,121,97,12379,4,3238,49
teeglove.my,96,97,1163,29,9168,147
K's Concepts Store,106,100,6500,23,9433,142
AaTIK STORE,573,99,1544,16,8507,61
Bro Olan Store,35,100,892,5,2062,21
Aimee Lifestyle,103,92,878,20,2172,64
viral2u,164,95,1214,25,7715,136
Mama's Choice Official Store,21,86,2614,0,710,6
SARAA.,115,86,3765,39,12623,229
BundleRuffis,12,78,13282,1,1685,8
polosbasic.my,102,100,876,9,1107,17
Golden Olive,136,92,20211,2,721,7
faracouture.co,5,91,5611,12,977,45
Momoko Concept Store,364,95,56076,1914,253359,6081
mona women'secret,62,98,1054,3,772,10
RINAA EXCLUSIVE,24,96,2544,8,3817,25
Miss.Sandy,1153,100,4819,31,5856,133
CMENIN Official Store,734,74,9019,114,22194,427
fashion.rajutmakmengan.my,66,100,546,3,864,11
‚ù§Lucky Clover‚ù§Shop-my,3319,92,26528,924,65620,1922
OnlineStore18,630,100,4694,94,9472,359
Huffy Closet,121,96,5517,5,4960,36
hidayahnazirul,12,81,8198,7,2294,23
BestieLady,245,81,3483,272,5491,530
yipee online shop,469,99,101702,349,158927,1758
Yc online 2929,152,98,1603,8,1853,42
NJ Collections,102,93,4457,65,5465,205
Adige mall,35,97,911,7,2426,42
Sinity Women's Clothing Store,488,90,1255,5,1182,36
Looks Basic,78,99,8273,32,7844,86
Mom's Centre ,22,98,325,2,1163,9
syzamystore,7,95,3783,0,883,11
ikhlasborong,250,74,16100,1582,87490,2880
lessmore,982,81,74903,496,62061,1377
VTEXSHOP,288,73,3096,29,6348,122
Najlaa Shop,44,90,260,0,459,2
Butik Molek,12,94,267,0,486,3
H.Beauty.my,501,78,1971,21,1743,57
Seri Choice,127,100,2625,12,2546,46
FASS STORE,50,95,3269,1,834,7
AK AUDIO ONLINE SUPPLY,1770,97,1429,91,9988,185
hellohilo,349,44,13146,258,16436,741
thekenyaku,10,94,5787,1,1081,1
Fateh Legacy,24,99,994,0,2573,5
Goodbaby Trendhouse,166,93,1481,7,2408,62
pyjamas women,141,77,599,3,1002,23
Humayra Fashions,92,91,2026,62,2404,110
One Baby World / OneBabyWorld,1368,87,77876,393,196203,1564
Women's wardrobe/24H shipping,258,94,2734,6,1112,54
rhymeflo.my,16,97,1159,61,1920,146
Comfy Queen,9,97,2751,7,2044,39
Gc96Fashion,161,97,6935,36,13415,200
hermicci.my.skirt,175,83,6494,32,3920,107
ONE CLOSET FASHION,18,100,863,1,790,7
QTS Fashion shopp,658,76,1153,92,3671,235
A to A Trading,74,97,4159,23,9409,152
MKSH ONLINE STORE,149,89,12993,56,23135,264
fld2020.my,253,99,1249,6,3160,65
mummy's_closet,14,82,913,1,395,0
Echo fashion clothing stroe,17,89,807,1,70,0
Deshu.my,67,94,1247,5,1121,27
Jianse Bra Specialty Company,359,100,6220,52,7420,144
abbyshoptrading,15,100,631,4,1022,15
TeesGuru,192,86,2691,10,5434,66
MissLure Sexy Lingerie Intimates,99,96,3892,1,1750,22
ladymiss123.my women's clothing,191,91,938,70,4237,278
Aishah Palazo,23,100,5949,0,2388,2
1990_ain,8,20,379,1,327,4
ihsgolbal,12,82,335,0,167,1
pinkme625,33,97,4198,14,5893,67
Baby Mama Clever,260,84,3958,80,16403,297
beijingh.my,848,85,320,8,554,15
Mlola.KL,7,95,5788,2,1298,5
Varsbaby Official Store,393,92,4946,43,8614,202
Korean Fashion MY,79,96,5975,7,2745,49
J.W._,178,100,7504,3,1597,36
frrj0qiqub,121,100,937,2,1713,22
aia store,69,96,1813,0,5169,55
rebecca1202.my,231,90,1688,11,3287,72
JH.Fashion,131,96,2415,2,4596,33
lalalalaa7,1123,83,6730,164,7333,383
Season Sports (jersey),727,93,15908,166,36832,815
Women Blouse Women's underwear,1866,91,35647,2427,98693,6691
lingerich-plus size lingerie,296,96,865,18,2453,68
CS Secret Toy,134,100,6953,81,10688,270
j.suzie,60,94,9136,10,3685,88
Wardrobe  Castle,714,92,24161,85,10730,332
AZstyle Boutique,88,87,5704,95,1322,97
Imperial Horse Official Store,80,96,7839,30,10660,184
Amaze Official,114,98,9020,13,11146,99
Azy Jeans & Co. Boutique,22,90,557,2,938,19
Bra & Cotton Official Store,283,98,6918,17,6633,111
Uma hana Malaysia (Authorised),102,97,1994,0,1608,3
Juana Burnz,49,99,1281,2,2627,20
BAJU SKRUB,29,91,580,0,790,2
Nova.com,10,91,198,0,517,9
KOID bra,227,96,4201,32,6173,125
sksuria onlinestore,71,100,1302,2,4116,41
H.h small shop,309,95,2564,19,5588,120
SHA BUNDLE,24,91,11132,4,1517,29
Rose's Closet,9,95,5450,1,817,2
Â¶ÇÂêªkissy,151,94,1992,11,2584,55
BundleOOTD,29,89,29688,7,4008,44
muslinswaddle,172,95,35903,165,54861,829
hernesmalaysia,162,98,16273,20,14402,181
Beads Jewellery Trading Sdn Bhd,3296,100,13960,75,31051,209
LightSense,45,100,1245,26,5749,56
preloveditis,21,89,3766,0,444,4
Butik Sekolah,95,79,693,13,2832,35
Mini Me Collection,81,98,4511,4,4107,32
mi_secret,82,97,2496,1,5538,29
Hannahshop 89,12,95,4188,0,1331,8
THE QUINN EMPIRE,7,93,9884,1,2216,10
Fashion  confidence ,219,100,1184,16,400,25
LHY APPARELS,226,99,9532,8,5502,48
klcc.my,107,60,3724,110,11887,426
Morek.my,92,94,2387,9,4623,60
nurain_ahmad_collection,107,91,4773,8,7097,57
changingseason,147,94,1713,4,1157,29
MYQUEENÔΩúNightwear,961,83,32845,1665,75428,4985
cikmj,21,87,145,0,455,5
Er Supplies & Solutions,4,94,848,0,345,2
Theodora Clothing Co.,541,99,3326,15,1828,84
x.y fashion,444,99,3693,67,5277,269
EXP WHOLESALE,8,91,2701,23,4050,127
MUJI Official Store,1302,99,68356,132,43454,477
urbanfashion,40,97,4775,18,6491,107
nanaarianaya,6,96,3147,3,563,0
SweetRepeats,10,84,8130,0,989,8
Taati,62,91,1870,10,3065,29
GODDESS'S CHOICE,46,100,296,4,683,7
ABC Clothing Store,84,99,4039,27,10902,160
Top Beauty Fashion,22,97,3120,15,2625,63
Perniagaan Hockly (M) Sdn Bhd,84,39,2173,32,8522,143
Amaya World,43,21,3525,12,2296,66
HV2 Collection,14,88,250,2,304,2
OOTD.styles,715,75,6222,83,3051,201
zhufeng.my,240,99,1347,8,1185,54
Danny Online Store,53,81,728,20,1514,91
KoleksiPakaian,44,61,1725,63,4638,185
AR fashion house,139,97,728,20,3655,104
Skyyyy789,20,97,1306,2,997,19
CheapVeryCheap,115,100,6982,24,20669,187
Fontaine Shop,221,78,1095,3,1869,8
BLŒõ∆ÜK PI–òK,694,85,6000,455,20785,1354
ildanish_fashion,34,94,1641,4,1869,25
SeludopeEmpire,14,,1630,64,3814,150
r_project.my,357,100,8486,89,3564,205
zharlovid,180,99,5468,45,12511,263
baju murah collection,93,87,4160,59,6492,88
fulllove.my,1625,96,2689,34,1372,74
ZUMIA.my,56,94,629,2,736,18
ALLOFME.my,225,54,4203,32,4862,101
sitiamyshop,56,97,589,1,1434,13
Latinn,52,99,5825,15,4747,76
‚úå‡º∫€£ €ñJungledeer‡ºª‚úå,405,90,1006,0,497,19
byafiy.store,9,90,1400,1,814,2
OMD Luxurious Part,19,100,2630,10,3759,71
TIMA No.1 shop,232,97,7623,19,1738,50
zaywarsaeed_my,10,94,1012,9,1810,22
Fashion Casual Blouse,655,98,4055,96,3711,279
beonlema.my,240,64,3791,37,5206,129
Groboc House of Bra,297,97,27739,55,19560,209
Mazsdihi.Co,72,74,793,2,1153,16
LK Online Fashion,72,100,14136,83,26849,415
wholesalesmalaysia2020,105,86,2733,8,7185,64
idazain2,25,85,4762,8,6277,77
adiadha1994.my,67,100,599,12,603,18
hugefunhouse.my,818,84,1701,54,5680,153
AK Collection,8,98,2152,5,4299,42
J_A_GADGET,266,99,7977,44,24451,236
Daisy Maternal baby,463,97,3630,21,4842,95
Kedai AbangKakak,13,68,22468,17,1984,36
mua! official,66,100,354,2,504,16
JOYMOW Underwear.my,91,86,2604,12,5123,74
Pan Pan House,14,97,2363,10,4644,52
gousheng.my,125,99,4635,46,2196,108
Honey sea,173,65,4226,38,5930,148
Noban_outlet,17,88,15290,1,3746,22
Mayangsari.com,31,93,1209,14,5735,70
DUNEA,1253,75,15731,80,7073,277
Bylisasurihati,11,94,6884,0,993,3
wondermama_89,93,98,3503,29,5843,130
Ammieera Trading,12,75,452,0,557,4
Geek Pick - The Cool Gadgets Store,91,60,148,7,521,15
Macrame Maker,88,98,2690,3,3863,17
New Master Fashion,281,93,2935,18,5011,90
LS  Clothing,261,100,713,0,531,9
Wasya Online Bookstore,51,73,704,3,1043,11
Marisa Underwear Clothing,18,82,3179,84,4480,228
sunhoi.my,387,91,1213,6,1623,35
Parifairy Official MY store,117,85,10156,44,12695,283
US LADIES,171,97,3482,1,3058,20
Heel2Toe,59,91,41145,153,30289,682
Beauty okdeals.my,7089,98,40465,1070,101116,2864
AVON Underwear Bra Pajamas,568,98,11879,110,10094,393
Double S,30,99,569,1,1217,4
Boberna83,225,98,2480,22,4860,125
gongtao.my,10,54,4718,65,5392,274
Seayu Fashion,411,99,6019,45,12293,160
BabySense,506,100,11763,57,36891,269
stage9,94,100,935,58,5683,133
Lady & Ginger,15,98,1063,19,6245,105
Maternity dress & baby clothing,374,99,3259,16,2350,94
KM_fashion,159,99,5423,13,7122,103
FenzyMesie,17,92,1644,3,1590,18
Everything by Mel,34,91,1948,15,2017,84
Demirsen Watch Store,295,97,4079,24,4406,78
Elle Zahraa,59,97,14862,38,14449,183
yucooi.my,480,100,13230,117,17155,581
GraceCollection96,92,99,1210,10,3658,59
‚ú®Beautiful shop‚ú®,117,83,2147,33,2562,135
Murah Termurah,56,100,5303,25,17545,176
WEIFENG MALL1,107,97,1442,1,629,4
k.house.my,413,100,9904,45,5196,199
JF Boutique,196,87,10111,63,7942,337
legacyshauqi,117,89,2263,10,1825,43
Miya's Style Closet,15,99,1108,0,234,2
Batik dan Handsocks,34,99,227,2,803,8
ucon_shop.,12,99,1343,7,2307,45
Medolly_Boutique,55,82,6931,19,3213,69
gzcdmy.my,107,52,770,1,304,11
KedaiMurahKAWKAW,58,97,933,2,648,15
XSEN SOCKS & TOWEL,64,100,5607,24,12117,101
nhmyayah,18,92,9825,1,1329,15
Syu-Haimy Collection,24,98,6014,1,415,1
Medical Apparel Shop,75,85,2264,7,3373,28
schaaaaaaaaa,10,85,443,0,224,2
Alicia Boutique5796,194,96,2128,13,3854,77
Fitbundle.store,6,97,7389,0,733,4
Uniq_Wear,65,96,719,4,2016,30
7UJUHARI,4,87,4358,3,1073,4
MGT Solution Bundle,10,93,3041,0,405,0
DetailsClothing Malaysia,93,100,2117,5,1129,23
MapleLingerieMalaysia,48,98,2930,0,1487,8
hishamgexe,26,71,1559,17,8680,68
Home_Living_ML,713,99,36885,495,76487,1632
harisahjtuansidik.co,8,97,360,0,735,7
Venus Advance,75,98,1031,25,7639,166
norbalina,233,89,2432,0,552,2
TCWK      ,599,98,21915,27,3354,72
RZ CLO,23,95,10854,14,20093,140
fashionclothing.my,992,82,41985,2100,37964,3841
Sofu Creative Life Store,301,70,4258,52,6473,234
T_Janest.my,123,77,869,34,4271,106
Salsabila Shop,9,91,200,0,943,12
KD's GARAGE,19,91,5787,3,1837,17
Tudiaa.my,50,74,6122,13,8299,96
Wishpeers,49,98,5931,0,2916,9
PANDA.HOUSE.OS,67,100,1255,11,3755,38
 Gildan Official Shop,316,96,101946,868,154116,3397
HUMAIRA BABY STORE,46,93,7127,12,8139,54
twohundredfifty,36,83,18230,255,24400,506
Pasaraya Yang Yang,1056,91,11849,87,41696,419
harfafashion.my,23,100,457,0,484,9
Yshomeny.my,259,89,2062,37,5575,178
Ezmura,52,95,3011,3,5904,20
kinstoree,14,89,897,0,491,1
MYLOVELY2U,430,100,19997,161,47914,842
J.Boutique,337,93,3783,15,12001,89
ByAdeenda,51,98,868,3,3032,13
ADEMI,57,98,4336,7,7869,67
MEGA FIRST FASHION ENTERPRISE,262,99,2507,18,3331,82
By Sheyrah,6,100,10211,0,836,2
F.ystudios,128,97,1598,27,1709,76
JEANSBORONG.COM,135,63,1534,36,2780,87
Closetbyfar,8,94,4899,1,1168,9
Mengli Women's Panties,45,29,714,3,2066,31
ms.empire,99,100,20156,8,8165,15
Dahlia apparel,22,100,547,0,1753,11
The Ziss Boutique,18,97,18685,1,1948,11
me5p2unkww,71,72,596,24,1348,43
PINK LADY (Bras Panties),202,88,7291,57,11504,276
thehasyaf.co,21,85,10440,3,1211,15
STYLE women dress/long pants/women outwear/women bags/winter coat/evening dress,216,93,10604,146,3354,300
Imaan.Collections,84,98,11701,0,3971,9
AmeenaMomShop,5,84,3299,0,210,1
melanie.my,4176,96,17182,390,38141,975
SherryGo.my,391,87,3114,30,3799,109
spz087.my,156,82,2068,24,2701,104
HUZAIFA_SHOP,254,70,1862,12,1761,58
karastore,790,59,2305,34,3511,113
Women's Dress Mini Dress,1083,70,6633,144,8311,517
Onnie's Fashion Boutique,14,98,6339,0,1311,3
 X -Style ,518,100,12739,176,9454,568
tinamanahselection,47,95,3797,2,1448,2
Fabyluv,21,97,20797,2,2941,15
Flocoral's Korea Socks,257,85,3567,5,4837,52
xiaoqiqi.my,57,89,457,0,243,7
EmyshaClothing,13,90,707,0,836,6
Socks Heaven,4,97,415,3,1430,13
Mummy&baba shop.com,24,76,1127,4,2011,35
ylnn.store,565,100,2263,29,3762,69
sisterjeans2,9,76,621,15,2361,60
Y&N fahsion store,115,99,3301,27,2556,100
w6093.my,341,97,3572,41,2921,173
abaabb.my,270,66,3095,126,5096,170
Zinggo-Women's Clothes,1292,3,11190,311,13570,696
Emurah KPOP ANIME Malaysia BTS NCT,1302,86,70836,268,178707,1636
‚ù§  meet 	‚ù§,4166,100,4324,19,2014,77
LNG PREMIUM ENTERPRISE,24,91,9075,24,8185,148
Supertrees Plus Size Tops,684,88,5414,227,9065,543
tmz14968.my,2218,49,319,0,505,1
fariza92,5,96,270,0,1054,4
Tsuka,91,92,6577,67,11809,252
SAVEHERE,70,100,2605,5,4483,28
"QRUSNITA, MAGIC BLUE & HSF NATURALS",85,100,1690,4,3042,18
üí´0412üí´ Fashion Hall‚ú®,125,94,5451,33,3015,169
szshanhe.my-women's tshirt,197,85,2086,70,6236,238
EKS Collection,58,86,7021,188,10870,396
MamaAisyaShop,9,99,356,0,1208,7
dato.my,5244,94,552,27,2223,82
toponevarietystore,2125,99,2191,85,3969,198
Victoria's Wardrobe,344,94,2623,20,2386,76
Medina Collection Hijab,18,87,6198,37,13085,154
kroll_bundlemania,9,98,16913,13,4094,61
Small balls seduction wardrobe,1755,94,1203,1,548,12
nidiessboutique,9,96,5248,3,677,2
dergerobok.co,16,93,5874,0,841,6
elenxs,4467,91,54472,3320,167853,8340
Quennbra,97,70,784,2,674,17
Beautiful.HomeLife.my,79,100,2362,20,2207,60
UQ Collection,49,99,2598,9,11813,64
sucirahma1606.my,22,100,534,3,616,17
ABCDynamic.my,71,58,605,7,1504,32
BYCURVES MALAYSIA,15,81,421,0,339,6
Miss YG shop,135,98,1919,8,3728,49
rumahshope.my,172,100,561,10,666,17
amynezetty shopper,11,93,169,5,1206,10
OhPrettyWoman,147,81,4187,120,12416,392
JC Trading,104,95,20536,187,46403,855
J&M Butik,45,80,1547,2,1360,5
mika.rtw,56,96,3530,2,4390,23
MQ Garment Factory,213,99,576,1,268,6
Mazli_Mart,57,99,694,1,408,3
maya_boutiquez,50,93,8710,34,2647,98
dieraonshop.my,475,100,1254,8,1277,16
LaSenda,196,98,4733,23,10106,108
69 Mall,45,91,1299,6,4056,47
dianezara87,3,93,4961,0,939,5
The Lingerie Shop Official Shop,142,97,17924,19,8456,136
fourepd,665,100,3513,127,24866,539
 yirun.my,330,4,2408,61,7864,236
_catchy_trendy_,25,99,459,3,1058,17
üêºPandaGumi,48,97,3662,1,678,4
AARIZ_SHOP,484,72,6088,42,5984,145
Myhaya Hijab,6,98,419,0,336,2
Fashion Fox,440,89,8435,251,9310,520
Eeleena Knitwear,4,88,1256,0,99,0
Stopnshop_my,3,95,13085,0,1287,10
labelungu,57,97,27367,3,4341,29
Shelly Studio,520,97,2609,36,5410,167
LEENA COLLECTIONüåª‚ú®,35,94,1384,1,2349,12
ForeverSassy,17,99,14193,1,2187,1
simplehomeline,1816,90,211,18,1189,43
GROSIR BUSANA MUSLIM,388,100,8087,58,4235,164
Swag Girl,626,96,193,2,348,13
YC JYE TRADING,101,100,4570,9,4947,62
MFsport,45,75,1448,45,5605,158
Thrift Fairy,10,92,13032,0,960,0
Pierre Cardin Lingerie Malaysia ,286,53,40825,199,40741,637
aesthethrift.co,2,91,4422,1,695,2
HaSha Palazzo,14,100,354,0,1046,10
Sexycurve_stacy,10,97,1565,1,1257,4
ShaLea Couture,10,93,686,2,508,11
JCbeauty66,441,84,17376,125,95110,385
myfancymall,1477,96,2220,9,3143,55
sulaiman shop,14,93,1613,1,1775,5
Â•≥ÊÄßÈûãÊúçÁöÑÊê¨ËøêÂ∑•,307,94,1327,18,1798,54
Angela Apparel Store,2232,74,10805,173,9091,557
Night fire underwear,151,100,1972,9,2681,41
ClothCover Official Store,337,86,7226,56,10547,194
kedai_dewasa,321,75,5416,133,5729,240
ohlola.co,179,61,2329,4,1772,26
Yaniez Boutique Bundle,173,94,1724,8,985,19
Kias ootd,110,93,1557,12,1410,49
Cucimata.store,5,77,4823,1,1164,3
D.BATIK ,26,93,95,0,339,6
aya_raudhia,8,100,9662,1,1379,6
LittleBox,164,83,267,0,431,9
Cheetah Official Shop,1707,96,112767,214,44579,805
The Under Shop Official Store,438,85,7130,76,24576,293
RM 9.90,141,87,501,9,1097,25
knitplussupplies,176,51,8675,47,13670,212
huayangchuang.my,93,79,1918,21,2788,99
amongspring.my,7894,94,14618,618,26331,1289
Moms Moments,28,86,783,3,927,34
Bees Online Store,343,100,4074,36,6156,168
milate.my,64,97,1504,5,1221,27
butikonlinemurahmalaysia,17,90,994,17,1655,50
zoey91zach,20,54,5828,3,1358,12
LILYPETUNA.OS,21,31,13541,7,766,19
xiaoyiyi.my,48,98,2659,6,903,19
FOREVER  BEAUTY  MALL,313,99,5785,115,8168,250
yongtaoshangmao.my,1227,100,1378,28,1722,85
F.O.S,833,90,120991,391,62174,1003
AVON ,278,72,730,6,2507,43
XY FASHION,823,93,13532,38,6077,127
yeehooy.my,85,88,928,1,834,13
jiameizi888.my,196,85,523,12,1978,63
BROWNS,38,97,973,3,1409,20
L&S Collection,165,78,29242,53,40184,262
DaniePrinting,229,98,3483,2,2625,25
ecoseed.os,283,97,18937,90,32711,397
miss_phoebe.my,34,91,1307,24,1068,75
MF STORES (Women's Fashion Stores),62,99,8020,83,7442,267
yjyeij6li1,224,91,1447,29,3698,89
mayaa kids clothing,32,98,13741,4,5509,43
Yasmin YS,8,97,95,0,218,3
Monkeypand,25,98,203,0,439,5
amee_kedai,682,87,10226,295,69241,926
animetone.my,612,98,1138,18,2557,44
easystore99,30,61,2485,14,4409,54
lele7hao.my,519,35,2488,48,2377,106
yilinmoka.my,101,99,2376,7,868,29
House of Shopping,156,98,8166,33,15672,209
wamimma_butiq.my,20,100,285,1,323,13
A Home 1997,188,100,5216,23,4859,94
misstop,2429,83,9046,282,9501,542
nasirkhan907,51,94,1134,2,3492,23
kftby.my,14,57,568,8,1778,61
HDSh0p,17,98,3482,0,903,6
Eazy Collection,39,95,1504,4,1319,8
Kid Toys & Electronic,594,75,344,2,253,9
GadisBundleShop,12,90,14312,5,3080,19
amorystore.my,316,100,279,0,271,2
Ashley Fashion Mall,382,98,2322,11,2461,94
pusatgrosir.solo,883,100,12364,135,5800,339
Goddess Wardrobe Woman BLOUSE baju,152,95,1492,25,2062,99
Mocha Fashion Store,151,86,9235,192,14287,580
ladyzone.my,848,99,7183,82,4085,183
softrhyme.my,83,79,370,5,341,9
WARBASE Official Store,170,97,11789,236,23317,594
aimishop.my,1347,60,26957,246,14385,799
weabby.my,183,63,7100,68,5530,226
MedicalUniform88,13,78,130,0,373,6
Ryra_closet,69,92,2376,19,5901,86
ERWIN SHOPPING HOUSE,28,98,2241,2,2025,25
Dapo.cantik,252,97,5962,26,13408,98
Night&Day,476,100,485,18,1071,48
hhcq.my,251,66,3683,240,7359,447
ShopbyZila,40,96,24668,2,2111,20
GDeal.com.my,4030,97,294918,4187,255568,11538
Baby.Mom&needs,70,97,1218,7,5314,80
Gorgeous girl,344,78,167,2,747,22
CXL Store,16,68,446,17,1370,55
Tuote women's clothing.my,498,50,1447,10,3050,47
AA's Rezeki Collection,64,90,634,4,265,10
wenzxcvbnm.my,604,85,7500,174,9488,573
Queen Zone,199,99,33753,822,73185,2061
AURABUNDLE ‚ù§Ô∏è,4,93,6879,0,532,1
Longgok,10,95,8201,0,1555,1
Hana store .,36,95,918,1,249,0
POP Baby Official Store,235,77,4595,42,3769,171
Insland.my,74,100,387,5,773,31
crcstore,1344,99,11650,902,68623,2275
riniratnasari01.my,89,100,226,1,312,6
MyHeartShoppe,236,95,2045,4,3568,42
NURULPLUSSIZE,214,81,5738,8,3180,32
MM pajamas,79,98,412,2,660,14
MISS VAVA bra and panties shop,87,98,4051,13,3000,69
YDS Offical,15,80,1135,10,1056,34
üëôWomen bras panties ,294,100,4615,15,2419,51
ZALONA,66,95,7006,31,3276,96
rayidbundle,19,98,9246,0,1559,5
KLOZZET,148,95,15585,17,5446,82
efashionlady.my,849,95,7893,238,8262,510
CH FASHION,66,95,3823,7,6364,79
FIT & FLARE COLLECTION,1398,89,2544,11,5038,83
SarahNatrah,73,95,3418,14,1068,27
daylan.my,361,92,40721,763,87750,2334
Trend Clothing Official Store,1120,100,1156,0,329,6
Shopimo,974,93,22610,578,46091,1588
Romantic Paradise.my,113,54,713,11,920,29
byfizlin_,254,94,2339,7,1932,25
online2u,49,99,1244,26,8562,102
MissyJane,15,94,96,1,369,7
horizons.my,813,96,250,18,1145,48
LittlePrince88,96,100,625,16,2878,92
IDEAN Shop,1001,47,23681,218,33664,716
IFashion.my,455,93,8871,163,8340,388
yayaland.my,70,99,822,0,1306,7
KAIN_BATIK_VIRAL_HQ,17,41,4090,137,8105,209
Tiki Boutique,1251,51,24596,566,42898,1305
IR Apparel,25,49,591,11,2174,57
Hamana Collection,75,96,4365,22,10892,125
Wonder BiBi,234,99,6826,6,7780,34
mydress_collection.my,1258,100,2955,26,1312,63
aieyda closet,141,93,3586,2,2079,19
Dreambuy.my,100,35,5608,71,3373,255
Tuaneyka,38,70,1075,6,874,24
zhiweini.my,53,98,1565,7,1240,44
babyborong,22,,1069,50,4610,152
colorful888.my,3084,75,2432,314,13866,651
cyjmy.my,134,100,289,0,481,9
yaniesaleh,65,97,4066,113,8433,292
DACHAO shop,117,72,1460,23,2855,93
HD Official Shop,161,90,906,10,1121,17
UniversalCollection,33,96,4798,0,519,2
cocosakura.my,65,99,1095,6,992,25
360Buy Medical Scrub Suit,12,100,237,4,674,17
Women's tops and dresses,673,94,3357,81,6204,347
D'Damai Shop,131,96,762,3,582,9
Fashion Korean Girl,202,89,19367,224,25154,815
Yunyi Quality Shop,393,96,4268,59,5179,194
Plus Size Fashion ,469,96,8773,37,3516,121
sezomall.my,949,95,2143,6,661,29
yipuasin.Wholesale shop,69,96,1033,2,1137,39
Mazz Collection,38,99,907,5,1583,37
eikashop.co,5,96,2782,0,340,6
amalizzahti,5,91,10709,0,759,0
Mainshop,15,63,2970,26,5598,139
infinite,2553,96,39813,1490,76065,3872
misslulyshoppe,17,91,9678,3,1154,4
FashionSecret,193,88,1183,4,1416,36
alipaymy,828,96,4639,85,4574,183
mangobaby,3045,93,50173,233,77899,768
MSW+M,145,59,1192,14,2282,86
V-Beauty Collection,89,87,8281,73,5672,242
QLGY Clothing Shop,1520,60,2662,8,1352,44
yourloviee,99,99,631,2,485,9
Nazrina Shop,190,85,503,3,1437,12
Kids Fashion‚úøUnderwear,1308,79,19557,244,44489,876
Sariayu Anggun Sdn Bhd,874,98,9948,611,41035,1467
rm14_boutique,1541,62,13101,271,15015,617
baju_murah_boutique,1526,67,8057,201,12573,424
gerobok_stylish,124,100,495,2,786,17
NarniaCollections,31,96,4041,2,1677,6
beybo.thrift,12,94,2498,0,468,1
üçíKIM-MIRAüçí,158,97,2645,16,4942,76
Silent Summer Fashion Square,424,100,978,11,894,25
GerobokFashionista ,7,99,3673,1,509,4
bidadareesyurga.rtw,15,91,1271,0,198,2
LL House,98,100,7015,4,1372,13
DEWI DIARY,18,27,4032,17,2014,49
fashionnation2021,865,99,341,0,191,8
hugyou.my,1120,82,1519,1,486,29
jewelrydream2020.my,713,86,42500,635,119064,2273
Fitness Home,117,86,6501,89,14556,287
FancyStyling,13,99,205,5,382,18
comeourshop.my,165,92,2589,23,2593,82
PRELOVED BUNDLE,15,86,2717,0,363,2
Seluar & Baju Boutique,131,80,2571,44,5647,170
msbaju87,110,100,489,4,1714,11
cadarcottonmurah1103,850,91,22649,110,13692,405
Bridesmaid Elfboutique,1600,75,13182,286,9337,547
xuliang.my,395,95,2417,31,3859,125
Fashion.99,107,82,747,5,935,24
atenda.my,75,47,1910,7,1015,51
Minii's-One Stop Party Station,520,86,18735,87,34225,291
Amy Design Boutique,56,93,10258,56,15912,333
BATIK MADANA DIRECT KILANG,20,94,4818,2,824,6
BySofhia,446,42,14580,101,15983,206
My Lady Shop,247,94,22843,327,62717,1337
YHYT STORE,632,91,4675,155,11430,429
online365.my,1613,82,1171,86,6381,254
qi.miao.z.my,123,100,8474,33,4485,122
Hotwind,5009,95,51916,3412,160662,7192
sportsangel.my,313,96,8486,37,7235,155
h2djunior,119,98,3373,11,3682,97
orange.fashion,266,93,4665,7,4662,91
iera shopz,16,87,5357,0,671,4
Antler DC Online,106,97,6149,5,2022,21
ain hijab,36,88,4778,0,933,14
mrswaniy17,12,96,5465,1,1301,7
borongmurahmalaysia,500,80,582,1,1186,29
Pndodo,52,94,257,12,2279,50
Sy_boutique,903,89,7018,110,10773,410
Honeyhot,237,91,1648,12,1879,75
Dian Plusclosette Official Store,60,65,5831,5,1448,22
grosir_solo.my,195,100,9369,166,3807,357
EH FORTUNE TRADING ,399,100,904,4,2827,23
xialin00.my,209,100,895,1,394,20
abellashoo.my,49,100,1311,5,799,19
alicia19820726,23,85,1069,0,1020,19
MAMA Closet,5,95,1652,0,188,0
Labeljiqaienstore,5,81,1819,0,536,5
LEMIRY FASHION,596,93,20182,58,5510,237
Sleeping.Beauty,54,99,664,0,499,1
AamilyFleurs (Rosita Priman II) ,21,96,299,0,418,3
Abbille Underwear,68,85,1155,14,2369,41
Borong2u murah,162,86,7645,235,27035,362
RoseBud Store,18,92,237,2,673,19
LOVELYLOVELEE,905,99,4764,3,827,8
Sheed Shopper Jeans ,129,97,1237,30,2706,90
funnyworld.my,4310,82,16840,961,34356,2204
BUTIK SHARISH,32,93,2427,3,1062,11
FLYING FISH MALL,102,98,4403,21,2434,102
CALLAACLOSET ( ONLINE ),114,69,1796,4,2137,34
mimicupshop.my,210,79,1878,11,1756,56
Classy Curves,18,99,9606,1,2367,10
AIMEI BEAUTY.my,410,89,22319,260,16915,869
Jeebeng Store,18,95,2321,22,6726,121
EZ_BOUTIQUE,44,90,565,4,625,16
ramliberes,71,95,18247,171,62689,808
fxshop91.my,118,100,870,5,766,39
deroseshop,623,58,87941,224,33696,688
üëôLimei Sexy Lingerie Shopüëô,228,57,4660,26,6766,119
fedd.enterprise,242,94,276,7,1583,22
geraiklambiku.my,613,100,22362,593,9888,885
esttrading,217,97,679,5,2472,40
Buenos dias!,319,93,1307,2,315,5
VIRGIE CHAN,134,95,2296,12,2419,81
WK Fashion (100%Ready stock),162,98,8510,33,10389,196
ClothesMall,109,76,312,6,1658,34
kasutb.my,465,63,4453,143,4269,370
BeautySecret,173,92,6952,7,4366,32
üíñYMMüíñ,50,97,288,1,673,12
Seventy 9 Global,173,100,5081,14,8682,166
Zamfashion.my,137,93,2175,21,1093,54
MLL.store,170,98,1922,12,2339,52
sweet mom.my,2662,90,2396,66,5494,243
tshirt women T Shirt,3211,96,8534,93,10330,359
RM14_OnlineShop,712,79,9161,103,10422,284
Sukiss Bra Fashion Wholesale Shop,178,92,2156,20,2145,104
heefly.my,403,62,838,14,846,34
T LAB,14,97,1575,0,923,11
benng211,98,85,2109,46,8814,246
bra story,113,91,983,5,1432,24
Simplicitee.T,334,92,4323,4,4005,72
nooraisan,22,99,204,0,197,0
NSM-TECH,87,99,13025,213,28488,868
Kawaii Styles,36,99,1232,4,1305,11
520dianshang04.my,127,63,1071,5,781,35
sweetylife.my,342,93,2960,51,7457,220
Butik NurSofia,43,96,1563,1,504,6
Coloures,3,99,489,0,172,0
MYCY,196,98,2058,34,7564,169
housewife99,2,63,41,0,220,2
MALAYSIAN SAREE,113,59,879,18,570,37
PAKAIAN PEREMPUAN MURAH ( AFW),156,93,6522,193,9921,374
Giselle G&G studio,359,83,10130,49,4159,161
dazzle_bunny,7,99,538,2,586,12
Sambundle,47,66,6589,5,2003,10
4setsail,4,76,422,2,354,2
onecollection.my,14,92,698,1,644,15
DsinarImpian Enterprise,88,89,3304,32,5377,163
Tannnn Mania,38,99,2988,26,2236,82
JY.K.JS.K Official Store,711,97,2288,33,11052,224
U-sweety.my,2610,83,11222,15,2745,82
cadbury.my,38,82,439,2,293,8
MISSSANDRA ,9,98,597,1,815,4
KALONICE.VCY,54,86,125,2,173,6
daduhey clothing local store,21,100,1342,6,1018,19
bluefish.my,490,70,3993,84,5941,192
seanjack1218,44,96,1479,7,2054,36
lizmama,13,100,2370,3,2412,35
mdtextile,183,95,5792,86,46199,439
qualtyfashion,332,82,6479,54,3504,136
twenie.co,16,100,7146,0,537,4
maternityjeansmurah,79,94,1134,5,1921,27
Zuomi Women's Clothing Store,428,70,1939,35,2174,70
Busana Online Shop,272,100,1126,14,2072,41
egobuyshop,522,94,21709,343,51664,861
‚ùÄColorful‚ùÄ,143,98,917,6,1289,25
DER Girls,671,80,1970,20,1997,63
gzt1.my,887,100,7057,454,34093,1294
jaedarof,752,78,32989,666,19629,1319
cosmofashioncenter.my,546,100,2399,11,1343,55
Baju Muslimah (Norra Collection),40,96,844,7,3634,54
jiquehe.my,184,76,658,50,2179,145
Four Season,49,97,827,0,1234,8
Pfamily2,1308,96,17343,1054,89268,2937
ACS Sense,48,98,876,3,1597,23
Swim's Collection,88,76,553,4,2129,14
HA FASHION GROUP,339,95,512,0,417,14
LadiesJeans,101,97,6030,0,1809,21
amorestore.co,10,93,23975,10,4283,28
kurtikeknis,292,97,2680,5,2924,33
fairyone.my,2898,99,12650,33,10110,216
Mui'z collection,60,92,7222,218,32975,735
littletomato2020,229,98,603,1,974,20
Koleksi Edelweiss,245,95,4906,22,2189,67
Rohatex,304,89,1757,65,3588,100
i save fesyen,552,86,7373,68,24700,210
Yunxiang clothing,84,74,1506,20,2308,63
MIAKAY BOUTIQUE,918,67,22576,366,36259,859
HAYOX,824,43,1598,203,6264,263
yananaamtriumph,241,92,8559,1,1484,15
BF Sport & Fashion,203,99,9920,74,10714,421
NFADESIGN,68,96,3058,7,5473,35
Classic Curve,2,99,1324,0,225,0
Hijabsis_knitwear.co,4,93,3238,1,642,2
SYIFA FASHION,103,92,2962,65,9113,235
Avon.xoxo,326,87,11929,88,17790,192
Qassandra.Co,5,98,5897,0,846,3
shunyangshop.my,113,78,1336,30,1573,56
Q&PdwÔºàjxmy.myÔºâ,310,56,6770,56,8033,297
YOUYOU_MY,51,90,956,20,2056,95
sma_entprise,10,79,2134,0,358,2
Siya clothing,190,100,201,2,357,8
BaggyBaggyStore,156,89,6907,102,30897,485
SAFFAR_0219,3,96,94,0,186,0
Ichingclothes.my,132,82,347,3,1602,39
Pitlong - EVPAD Authorised Reseller,3893,100,41789,1648,142588,3559
YULIN888.my,267,100,1607,3,555,19
Awlent18.MY,25,93,20262,120,18574,345
Greaterwear¬∑‰Ω≥ÂÑø,93,77,418,2,630,9
Unique Closet,428,99,994,1,1803,11
GHAUDENS FASHION,1016,100,3520,9,2014,27
JeansBRANDSMURAH,13,61,883,48,5322,153
~TheSisters~,5,94,3023,0,833,8
Milk Tees,516,100,2437,14,1679,49
DEBAJUSTORE,271,58,12529,20,11096,124
VogueCity.my,355,86,5854,155,14213,342
Anjung Muslimah,61,95,6948,3,4581,19
Pakaian terpilih,153,94,4381,31,4317,112
Colegacy Concept Store,661,81,14242,16,3776,64
hotsalesproduct,270,100,4152,37,5591,139
More Dream Online Store,67,99,1828,1,1795,16
geroboksibs.co,14,95,14059,4,1662,14
Ts.trade,75,95,1767,10,2672,55
centurylit.store,2,89,1566,2,232,0
Happy City,358,90,660,1,283,14
Butik Sarah Zainab,13,95,3708,11,5161,66
SAHZZO,129,100,2734,4,4012,47
LAVHME OFFICIAL,8,90,6605,1,421,2
Margo Essentials,21,92,6920,0,588,0
888bra1.my,360,88,765,2,574,22
weehours.my,140,99,2217,9,1892,69
colorful_space.my,158,98,654,0,1063,18
Hasbella Kids Fashion,62,99,25380,40,30553,328
EMPIRIC STAR ATTIRES,93,94,3511,39,7036,133
Mk Pro Supply Trading Joanne Page,281,97,5492,0,2954,14
HannaShop888,6,95,1959,7,3152,60
cherrys shop ,193,95,1780,19,1775,62
iloveyou.my,150,63,454,32,2162,59
Audrey Official Shop ,273,100,51784,89,12941,229
Fashion Beautyüíù,795,100,7796,74,8728,261
FST Perfect 10 Borong,94,98,546,10,1022,20
520fashionhouse,89,99,3937,10,5243,84
YZD Official Store,32,82,1957,8,2791,34
naizzaty,54,99,4697,9,1242,14
Seely bundle,8,91,5445,0,573,2
ImanCollection,16,68,368,2,746,10
Cotton Fashion Zone,10,97,634,5,1478,32
missyou4.my,506,83,2595,73,5004,251
Life_collection,52,96,1511,8,2902,56
Affordrobe,340,100,3261,17,5770,77
Aloha Online Store,235,82,3856,18,7142,88
noah.kidsproduct,12,97,2041,2,1476,17
KissybraÊ≠£ÂìÅKissyoriginal,22,100,968,4,847,4
Bundle Mama Muda,17,90,5213,0,545,1
dream. Online shopp,135,96,2541,24,2776,81
üë¶üëß DLGJMY.MY üëï,289,96,18443,70,25257,379
Che'reen Bundle,6,100,13633,1,1098,3
Pretty Of Life Official Store,66,100,8139,13,9696,75
MU Online Store,295,100,36548,39,50010,436
forlovely.my,378,92,5539,5,758,13
üëôFineToo Underwear Shop,140,21,643,2,1027,12
nanadiyana,174,52,2219,29,2105,56
umiaznisa,160,96,1420,5,1911,27
JNDS Bra Store,50,89,682,6,1057,12
baju murah borong malaysia,1091,99,9841,103,21295,499
CHAOGUAN Korean women's clothing,1395,99,1122,3,779,8
VORALE,92,98,324,1,2393,30
BORONG MALAYSIA,903,67,3713,88,7762,185
ImaniStore,16,76,354,1,359,6
Dayoni,214,100,7160,34,6699,195
KY_Malaysia,161,96,7089,64,17760,314
Baby Mummy Store,260,100,47642,61,103441,516
Fitsoul Bra panties shop,307,100,3454,10,3294,62
azianali__,3,90,9856,4,1245,8
supplierhijabfashion.my,1377,100,19431,782,14361,1497
sitique7,7,98,6638,0,798,0
RainbowLemon.my,441,100,5964,11,2023,65
M.A JEANS,73,21,2843,175,5346,237
bungazahraaisyah,113,41,3664,43,6827,142
armelishop,17,98,3905,0,1858,2
JJ Couture,84,96,7905,32,6836,193
narts_id.my,73,100,265,6,501,32
Lavagee.my,233,86,2907,27,4387,120
ELINSHOP.COM,4,92,2322,0,326,0
blove.shop,20,97,10691,0,1167,1
maminashop,188,90,1822,20,5424,78
Bajunikahtunangmurah,83,92,8854,3,1007,10
FromChina.my,217,92,2912,126,13432,391
Clothings.pallete,17,95,10290,2,1915,19
Wholesale Shop Of Women Clothing,404,63,4743,166,7084,467
LUNNAA.CO,46,98,23799,1,3019,21
xianyzs - Women Clothes,1320,95,24456,481,22852,1368
Bfuming,636,87,35625,176,50300,930
shadanacollection,63,90,31999,29,5656,160
intan big fashion,52,81,339,16,749,40
Children's & Women's Clothes store,137,61,789,12,1432,97
IedaYusuri,6,73,12497,9,2828,21
GG_Official Store,30,94,1781,7,2518,20
Royalscollection,15,54,1565,22,2101,53
Perfect.shop,87,100,497,5,1216,12
aisyahzacky,16,97,91,0,342,1
Ceciliahomeüåàüè°,36,94,384,0,549,4
Baba Box,132,91,975,36,3459,80
You LE,112,91,1373,20,3742,99
Fashion house clothing store,1951,100,339,1,281,10
blinblin29,10,96,10480,0,1283,1
Front line for women's wear,129,95,296,5,534,38
youen1128.my,492,97,547,5,321,11
bonjays.my,50,95,156,0,401,2
SwirlandSplashüåà,2,93,4190,0,753,5
osaka_stores.my,26,100,571,14,782,34
Fitdotshop,22,91,16786,1,2641,25
Solehah Inspire Official,24,98,4377,4,807,24
LOVE VERTI,181,85,4522,86,6605,339
üë∂üèªComelbabyüë∂üèª,186,99,93765,279,110598,1336
Abella.syed,50,96,4753,0,682,8
Bintangfashion.os,154,99,1329,6,1720,21
cikwunny_2020,12,90,2014,2,717,6
HapyVille üòÉ,86,100,1785,0,2132,15
BelovingU.my,128,95,1585,7,1135,38
ummiwafiy07,8,68,1610,1,496,8
Medifeet Medical Health Shoe,173,99,9612,5,3441,18
Eleventh Empire,9,96,13430,1,1395,11
skentelbury,332,64,4869,187,5022,298
RH Vogue,175,98,327,3,467,20
Kwinzz_shop,58,96,1241,4,1293,38
lanhvzqi6_Bra Pajamas Panties,25,97,3972,40,3793,133
CheQim Premium Wear,10,99,13914,0,1502,2
Endorphins.my,15,99,4020,1,1378,1
VEs Shop,16,99,167,0,512,9
XceeFit.my,263,72,925,19,1898,88
syafiani_collection,29,96,93,0,292,3
Baby Phoebe,1384,92,23489,296,91299,1195
futaowu.my,84,96,3240,26,4334,126
Baby Talk Malaysia,160,90,349,1,281,4
aneesaaa,12,96,16452,2,2629,6
er_bundle01,27,98,46298,1,8671,5
Cardigan World,22,98,1664,1,470,10
TEAM WANG MALAYSIA,784,93,1588,114,5413,272
Knitwear By Far,19,89,10497,6,4094,28
YDDY Women's Clothes Shop,57,95,1093,2,694,30
BAJU MORE,26,98,320,9,1293,33
ZJ FASHIONHUB,258,43,3254,8,268,21
Max Fashion,3389,98,99172,227,13760,382
Aurora Warehouse,1068,99,27791,203,43089,793
FairyLady,100,90,340,21,583,35
NAM Bundle Store,4,90,8726,1,2396,10
MagicStar,1152,88,13219,320,25565,876
Tok.Beauty,191,84,5939,42,2249,127
RAMISHA FASHION HOUSE,182,88,4926,107,8118,267
sofire.my,839,82,6827,42,2745,123
jatuhcinta.my,1,88,153,0,322,1
Pink Super Mall,168,100,10870,79,13304,354
Yame Shoppu,16,88,3039,0,253,1
93 Mart,17,100,1074,2,1437,26
felancymalaysia,256,84,18464,99,9329,218
26.TwentySix,31,100,825,0,1256,12
juliantystore_.my,39,100,966,4,607,18
mobilespec,2712,99,12325,1025,107386,2494
NILIKA  Women Fashion,380,68,5181,166,9654,522
vintage.sakura,19,97,8367,3,1535,9
IRA EVEREST JEANS MURAH,120,98,2499,47,2903,146
Baju_Mantap,559,93,502,5,1570,35
courier_bag,139,95,86,1,339,5
zesgood.my Baby Clothes,1502,11,14765,345,27764,858
üåº ALAIA MIKAYLA üåº,5,90,3310,1,560,3
sweet girl women's chothing,82,82,993,9,606,15
cozeroom.my,500,58,1804,53,5389,159
HitaScarf,78,92,23687,214,74418,1092
